65525	wirels connect
53001	vodafone
24028	cooltel aps
72424	amazonia celular s/a
405917	etisalat db(cheers)
72423	vivo s.a./telemig
310380	at&t; wireless inc.
60910	mauritel
65528	hymax talking solutions (pty) ltd
311012	verizon wireless
311010	missouri rsa no 5 partnership
53000	telecom new zealand
312710	great north woods wireless llc
43271	telephone communications company of iran
43270	mtce
310540	hilliary communications
73018	empresas bunker s.a.
61104	mtn/areeba
61206	oricell
61207	aircomm sa
61204	comium
61205	mtn
61202	atlantik tel./moov
61203	orange
61201	comstar
348770	digicel
22009	mundio mobile d.o.o.
22001	telenor/mobtel
22003	mts/telekom srbija
22002	telenor/mobtel
22005	vip mobile
22004	t-mobile montenegro llc
22007	orion telekom
348370	bvi cable tv ltd
23842	greenwave mobile iot aps
23843	mobiweb limited
23840	ericsson danmark a/s
312380	copper valley wireless
311170	petrocom
405914	etisalat db(cheers)
36254	east caribbean cellular
64700	orange
64701	bjt partners
64702	outremer telecom
64703	telco oi
64704	zeop mobile
52009	royal thai police
63730	golis
52003	advanced wireless networks/awn
52000	hutch/cat cdma
52001	ais/advanced info service
52004	true move/orange
52005	total access (dtac)
310150	at&t; wireless inc.
41830	orascom telecom
26049	messagebird b.v.
26048	agile telecom s.p.a.
312970	iosaz intellectual property llc
46009	china unicom
46008	china mobile
46003	china telecom
46002	china mobile gsm
46001	china unicom
46000	china mobile gsm
46007	china mobile gsm
46006	china unicom
46005	china telecom
46004	china space mobile satellite telecommunications co. ltd (china spacecom)
302790	netset communications
42904	smart cell
20808	altice
42902	ncell
42903	united telecom limited
344930	digicel/cing. wireless
65505	telkom sa ltd
65504	sasol (pty) ltd.
65507	cell c
65506	sentech
65501	vodacom
65502	8.ta
53006	spark new zealand
36449	cable bahamas ltd
50210	digi telecommunications
41903	wataniya
41902	zain
405861	jio
41904	viva
26023	amicomm sp. z o.o.
26022	arcomm sp. z o.o.
64904	paratus telecommunications (pty)
312230	north dakota network company
64902	switch/nam. telec.
64903	leo / orascom
26025	polskie sieci radiowe sp. z o.o. sp. k.a.
53028	2degrees
45447	shared by private tetra systems
26029	interfonica sp. z o.o.
53024	two degrees mobile ltd
45440	shared by private tetra systems
405866	jio
405865	jio
405864	jio
311500	cambridge telephone company inc.
42513	ituran cellular communications
37005	wind telecom, s.a
37004	trilogy dominicana s. a.
37003	tricom
37002	claro
37001	orange
302640	latitude wireless
45204	viettel mobile
41230	etisalat
45206	viettel mobile
45207	beeline
45201	mobifone
45202	vinaphone
45203	s-fone/telecom
365840	cable and wireless
45208	viettel mobile
310840	telecom north america mobile, inc.
312390	ftc communications llc
24871	siseministeerium (ministry of interior)
20418	upc nederland bv
29364	t-2 d.o.o.
20414	6gmobile bv
20415	ziggo bv
20416	t-mobile b.v.
20417	intercity mobile communications bv
20410	kpn telecom b.v.
20411	voipit b.v.
20412	kpn/telfort
20413	unica installatietechniek b.v.
21435	ingenium outsourcing services, s.l.
21434	aire networks del mediterráneo, s.l.u.
21437	vodafone españa, s.a.u.
21436	open cable telecomunicaciones, s.l.
21431	red digital de telecomunicaciones de las islas baleares, s.l.
21430	compatel limited
21433	eurona wireless telecom, s.a.
21432	ion mobile
63207	guinétel s.a.
63201	guinetel
63202	spacetel
63203	orange
71620	claro /amer.mov./tim
25062	tinkoff mobile
25060	ktk telecom
65551	integrat (pty) ltd
26805	oniway - inforcomunicaçôes, s.a.
26804	lycamobile
26807	nos/optimus
26806	meo/tmn
26801	vodafone
26803	nos/optimus
26802	telecomunicações móveis nacionais
312050	fuego wireless
313090	vivint wireless, inc.
313410	pdvwireless
310710	arctic slope telephone association cooperative inc.
23503	uk broadband limited
23502	everyth. ev.wh.
23501	ee
23500	mundio mobile limited
312570	buffalo-lake erie wireless systems co., llc
40566	vodafone india
40567	vodafone india
42511	365 telecom
364390	bahamas telco. comp.
312370	commnet wireless
302320	mobilicity
405824	videocon datacom
405822	uninor
405821	uninor
405820	uninor
311271	verizon wireless
313360	dish network
311276	verizon wireless
311277	verizon wireless
42517	gale phone
311275	verizon wireless
40416	hexcom india
40417	aircel
40414	spice
40415	aircel digilink india
40412	escotel mobile communications
40413	barakhamba sales & serv.
40410	bharti airtel limited (delhi)
40411	sterling cellular ltd.
405929	uninor
354860	cable & wireless
40418	reliance telecom private
40419	escotel mobile communications
24410	tdc oy finland
24411	mundio mobile (finland) ltd
24412	dna/finnet
24413	dna/finnet
24414	alands
24415	satakunnan ammattikorkeakoulu oy
24416	oy finland tele2 ab
24417	liikennevirasto
311710	northeast wireless networks llc
28968	a-mobile
352030	digicel
23292	argonet gmbh
28210	premium net international srl ltd
28967	aquafon
23477	bt group
23476	bt group
23475	inquam telecom ltd
23472	hanhaa limited
23471	home office
23470	amsuk ltd.
374140	laqtel ltd.
23478	wave telecom ltd
52811	datastream (dtscom)
72412	claro/albra/america movil
72411	vivo s.a./telemig
72410	vivo s.a./telemig
72417	correios celular
72416	brazil telcom
72415	sercontel cel
312700	wireless partners, llc
72419	vivo s.a./telemig
72418	datora (vodafone)
344050	antigua wireless ventures limited
28988	a-mobile
60902	chinguitel sa
60901	mattel
311000	mid-tex cellular ltd.
310530	west virginia wireless
73099	will telefonía
24708	sia izzi
22277	ipse 2000
24704	beta telecom
24705	bite
24706	sia rigatta
24707	sia master telecom
24701	latvian mobile phone
24702	tele2
24703	triatel/telekom baltija
25054	tattelecom
25050	bezlimitno.ru
22011	globaltel d.o.o.
74002	alegro/telcsa
74003	otecel s.a.
74000	movistar/otecel
74001	claro/porta
23873	onomondo aps
23877	telenor/sonofon
310440	dobson cellular systems
311140	cross wireless telephone co.
40437	aircel
405038	tata docomo
405039	tata docomo
405030	tata docomo
405031	tata docomo
405032	tata docomo
405033	tata docomo
405034	tata / karnataka
405035	tata docomo
405036	tata docomo
405037	tata docomo
64118	suretelecom uganda ltd
64114	orange
64116	simbanet uganda limited
64111	uganda telecom ltd.
64110	mtn ltd.
41820	zain/atheer/orascom
310140	gta wireless
36233	wicc n.v.
36231	eutel n.v.
42021	saudi railways gsm
46011	china telecom
64601	airtel/madacom
64603	sacel
64602	orange/soci
64604	telma
63909	homeland media group limited
63908	sema mobile services limited
63907	orange
63906	finserve africa limited
63905	econet wireless
63904	mobile pay kenya limited
63903	airtel/zain/celtel ltd.
63902	safaricom ltd.
63901	safaricom limited
312960	m&a technology, inc.
20887	régie autonome des transports parisiens
20886	nomotech
45411	china-hongkong telecom ltd (chktl)
732130	avantel sas
62501	cv movel
62502	t+ telecom
20889	virgin mobile/omer
20888	bouygues telecom
65516	phoenix system integration (pty) ltd
65517	sishen iron ore company (ltd) pty
65514	neotel pty ltd
310034	airpeak
65512	mtn
310032	it&e; overseas
65510	mtn
65511	south african police service gauteng
65574	wireless business solutions (pty) ltd
21604	invitech solutions
405819	uninor
21602	mvm net ltd.
21603	digi telecommunication ltd.
342050	digicel
21601	pannon/telenor
36302	digicel
36301	setar gsm
52002	cat telecom
46656	international telecom co. ltd (fitel)
26039	voxbone sa
26034	t-mobile/era
26035	pkp polskie linie kolejowe s.a.
26036	mundio mobile sp. z o.o.
26037	nextgen mobile ltd
26030	grandtel sp. z o.o.
26031	phone it sp. z o.o.
311810	bluegrass wireless llc
26033	truphone poland sp. z o.o.
42800	skytel co. ltd
22801	swisscom
313260	expeto wireless inc.
22803	salt/orange
22802	tdc sunrise
22805	comfone ag
22807	tdc sunrise
22806	sbb ag
22809	comfone ag
22808	tdc sunrise
310290	nep cellcorp inc.
99501	sure (diego garcia) ltd
28411	bulsatcom
36010	cingular
302630	bell aliant
41220	roshan/tdca
54411	blue sky communications
346140	lime / cable & wirel.
90104	unassigned
90107	unassigned
90106	thuraya satellite telecommunications company
90101	ico satellite management
90103	iridium
90102	unassigned
310850	aeris comm. inc.
40177	tele2/neo/mts
722040	te.sa.m argentina s.a.
90109	unassigned
90108	unassigned
20469	kpn telecom b.v.
20468	unify mobile
29370	telemach/tusmobil/vega
20461	bodytrace netherlands b.v.
20460	nextgen mobile ltd
20462	voxbone mobile
20465	agms netherlands b.v.
20464	zetacom b.v.
20467	koning en hartman b.v.
20466	utility connect b.v.
21426	lleida
21427	truphone
21424	eroski móvil españa
21425	lycamobile sl
21422	digi spain telecom sl
21423	lycamobile sl
21420	fonyou wireless sl
21421	jazz telecom sau
21428	consorcio de telecomunicaciones avanzadas, s.a.
21429	neo-sky 2002, s.a.
90188	un office for the coordination of humanitarian affairs (ocha)
311540	proximiti mobility inc.
310990	e.n.m.r. telephone coop.
27811	yom ltd.
313080	speedwavz llp
26812	infraestruturas de portugal, s.a.
26813	g9telecom, s.a.
26811	compatel, limited
63301	c&w;
63302	smartcom
44144	ntt docomo
29577	alpmobile/tele2
310700	cross valliant cellular partnership
40555	airtel
40554	airtel
40553	airtel
40552	airtel
40551	airtel
738002	guyana telephone & telegraph co.
738003	quark communications inc.
47202	ooredo/wataniya
47201	dhiraagu/c&w;
312560	nhlt inc.
342600	lime
27601	amc/cosmote
27602	vodafone
27603	eagle mobile
27604	plus communication sh.a
334020	telcel/america movil
405858	jio
405859	jio
312360	wes-tex telecommunications, ltd.
405852	idea
405853	idea
311490	sprint spectrum
405851	idea
405856	jio
405857	jio
405854	jio
405855	jio
313370	red truck wireless, llc
40422	idea cellular ltd.
40421	mumbai
40420	vodafone india
40427	vodafone india
40425	aircel
40424	idea cellular ltd.
40429	aircel
40428	aircel
310630	agri-valley communications
302131	xplornet communications
348570	caribbean cellular
405862	jio
64905	demshi investments cc
43211	mci/tci
43210	samantel mobile
312770	verizon wireless
52801	telekom brunei bhd (telbru)
72408	tim
43214	tkc/kfzo
43219	mobile telecommunications company of esfahan jv-pjs (mtce)
72405	claro/albra/america movil
72406	vivo s.a./telemig
72407	ctbc/triangulo
72400	nextel (telet)
72401	vivo s.a./telemig
72402	tim
72403	tim
311030	americell pa 3 partnership
23437	synectiv ltd.
310520	verisign
35850	digicel (st lucia) limited
22248	telecom italia mobile spa
22244	wind (blu) -
22243	telecom italia mobile spa
25044	stavtelesot
311150	wilkes cellular
42901	nt mobile / namaste
405027	tata docomo
405026	tata docomo
405025	tata docomo
310450	northeast colorado cellular inc.
50527	nexium telecommunications
23866	tt-netværket p/s
405029	tata docomo
50526	dialogue communications pty ltd
24605	lietuvos geležinkeliai (lithuanian railways)
27411	nova
24607	compatel ltd.
24606	uab mediafon
24601	omnitel
50525	pilbara iron company services pty ltd
24603	tele2
24602	bite
60803	expresso/sudatel
60802	tigo/sentel gsm
60801	orange/sonatel
24609	interactive digital media gmbh
24608	lietuvos radijo ir televizijos centras
64901	mtc
73403	digitel c.a.
64106	afrimax uganda
64104	tangerine uganda limited
64101	airtel/celtel
40001	azercell telekom b.m.
40003	caspian american telecommunications llc (catel)
40002	j.v. bakcell gsm 2000
63910	jamii telecommunications limited
63911	wiafrica kenya limited
312910	east kentucky network, llc
40004	azerfon.
20890	images & réseaux
20891	orange
20892	association plate-forme telecom
20893	thales communications & security sas
20894	halys
20895	orange s.a.
732123	movistar
20897	thales communications & security sas
20898	société air france
311930	syringa wireless
40006	nakhtel llc
65521	cape town metropolitan
65527	a to z vaal industrial supplies pty ltd
25550	umc/mts
65524	smsportal (pty) ltd.
21630	t-mobile/magyar
302530	keewaytinook okimakanak mobile
310280	t-mobile
61820	libtelco
52020	aces thailand - aces regional services co ltd
310020	union telephone co.
52023	digital phone co.
52025	true corporation
312820	santel communications cooperative, inc.
46668	aces taiwan - aces taiwan telecommunications co ltd
26041	ez phone mobile sp. z o.o.
26040	interactive digital media gmbh
26043	smart idea international sp. z o.o.
26042	mobiweb telecom limited
26045	virgin mobile polska sp. z o.o.
311800	bluegrass wireless llc
26047	smshighway limited
23429	(aq) limited
62401	mtn
62402	orange
62404	nextel
312630	netgenuity, inc.
22812	tdc sunrise
22811	swisscom broadcast ag
46689	t-star/vibo
46688	kg telecom
20650	ip nexia
20821	bouygues telecom
302620	ice wireless
43604	babilon-m
310190	unknown
43605	bee line
43602	cjsc indigo tajikistan
43603	mlt/tt mobile
90116	cisco systems, inc.
90117	jt group limited
90114	aeromobile
90115	onair switzerland sarl
90112	maritime communications partner as
90113	antarctica
90110	aces
90111	inmarsat
43601	tcell/jc somoncom
90118	at&t mobility
90119	vodafone malta maritime
312170	iowa rsa no. 2 limited partnership
29341	mobitel
29340	si.mobil
21413	incotel ingeniera y consultaria sl
21412	contacta servicios avanzados de telecomunicaciones sl
21411	orange
21410	zinnia telecomunicaciones, s.l.u.
21417	r cable y telec. galicia sa
21416	telecable de asturias sa
21415	bt espana sau
21414	incotel servicioz avanzados sl
21419	simyo/kpn
21418	cableuropa sau (ono)
33450	at&t;/iusacell
71607	nextel
71606	movistar
71602	globalstar
71601	globalstar
312280	cellular network partnership llc
311550	commnet midwest llc
312730	triangle communication system inc.
27801	vodafone
26821	zapp portugal
53602	digicel (nauru) corporation
63310	airtel
310860	texas rsa 15b2 limited partnership
37201	comcel
37203	national telecom sa (natcom)
37202	digicel
40504	reliance
312350	triangle communication system inc.
312120	east kentucky network llc
28020	primetel plc
310730	united states cellular corp.
28023	mundio mobile cyprus ltd.
302340	execulink
20206	cosmoline
65513	neotel pty ltd
334030	movistar/pegaso
312590	northern michigan university
311489	verizon wireless
311488	verizon wireless
62130	mtn
311481	verizon wireless
311480	verizon wireless
311483	verizon wireless
311482	verizon wireless
311485	verizon wireless
311484	verizon wireless
311487	verizon wireless
311486	verizon wireless
313340	dish network
405840	jio
50507	vodafone
405927	uninor
405844	uninor
360100	cingular
311730	proximiti mobility inc.
40438	bsnl
405847	idea
40434	bsnl
40435	aircel
40436	reliance telecom private
405846	idea
40430	usha martin telecom
40431	airtel
40433	aircel
26601	gibtel gsm
25002	megafon
26609	eazi telecom
302290	airtel wireless
23494	h3g hutchinson
23491	vodafone
312740	kddi america, inc.
23492	cable and wireless
43202	azartel mobile
312760	arctic slope telephone association cooperative
47010	banglalion communications ltd.
310510	airtel wireless llc
43208	shatel mobile
27010	blue communications
311020	missouri rsa no 5 partnership
51588	next mobile
50509	airnet commercial australia ltd..
50508	railcorp/vodafone
50505	the ozitel network pty.
50504	department of defense
55001	fsm telecom
50506	h3g ltd.
50501	telstra corp. ltd.
50503	vodafone
50502	singtel optus
60321	anesrif
25703	belcel jv
25702	mts
25701	mobile digital communications
65201	mascom wireless (pty) ltd.
25706	belorussian cloud technologies
65204	bemobile
25704	best
311120	choice phone llc
310460	tmp corporation
23818	cubic telecom
45205	vietnamobile
23811	dansk beredskabskommunikation a/s
23810	tdc denmark
23813	compatel limited
23812	lycamobile ltd
23815	ice danmark aps
23814	monty uk global limited
23817	naka ag
23816	tismi b.v.
60499	al houria telecom
64133	smile communications uganda ltd
64130	k2 telecom ltd
53988	digicel (tonga) limited
310650	jasper
310310	t-mobile
42007	zain
42006	lebara mobile
42005	virgin mobile
42004	zain
42003	etihad/etisalat/mobily
42001	stc/al jawal
405908	idea
405909	idea
64007	tanzania telecommunications company ltd (ttcl)
64006	dovetel (t) ltd
64005	airtel/zain/celtel
64004	vodacom ltd
64003	zantel/zanzibar telecom
64002	tigo/mic
64001	tri telecomm. ltd.
64009	halotel/viettel ltd
64008	benson informatics ltd
25502	beeline
310600	new-cell inc.
310053	sprint
25567	kyivstar
310054	alltel us
42204	oman telecommunications company
302500	videotron
65535	kingdom communications pty ltd
65536	amatole telecommunications pty ltd
25568	beeline
65530	bokamoso consortium
65531	karabo telecoms (pty) ltd.
65532	ilizwi telecommunications
65533	thinta thinta telecommunications pty ltd
25093	telecom xxl
45410	csl/new world pcs ltd.
45413	china mobile/peoples
45412	china mobile/peoples
45415	vodafone/smartone
45414	h3g/hutchinson
45417	vodafone/smartone
45416	hkt/pccw
45419	hkt/pccw
45418	csl ltd.
25099	beeline/vimpelcom
312010	missouri rsa no 5 partnership
55202	palau equipment company inc.
250?	skylink
312830	kings county office of education
311830	thumb cellular limited partnership
732208	uff movil sas
334080	operadora unefon sa de cv
46697	taiwan cellular
46692	chunghwa telecom ldm
46693	mobitai
46690	taiwan star telecom
313400	texoma communications, llc
63415	sudani one
312060	coverageco
46699	transasia
63782	somtel
311900	gigsky
41201	afghan wireless/awcc
41203	waseltelecom (wt)
311630	cellular south inc.
310180	cingular wireless
90123	unassigned
90122	medialincc ltd
90121	wins limited
90120	intermatica
90127	monaco telecom
90126	telecom italia mobile
90125	unassigned
312160	rsa 1 limited partnership
90129	telenor
90128	gdsp (vodafone's global data service platform)
62304	nationlink
62302	telecel centraf.
62303	orange/celca
62301	centrafr. telecom+
302760	public mobile
21408	euskaltel sa
63090	africell
310980	at&t; wireless inc.
21404	yoigo
21405	movistar
21406	vodafone enabler espana sl
21407	movistar
21401	vodafone
21402	alta tecnologia en comunicacions sl
21403	orange
54501	telecom services kiribati ltd
54502	oceanlink
312150	northwest missouri cellular lp
40517	reliance
54509	kiribati frigate
71615	viettel mobile
71617	nextel
312290	uintah basin electronics telecommunications inc.
302680	sask tel mobility
27830	mobile communications limited
704?	intelfon guatemala
310870	kaplan telephone company inc.
310720	syniverse technologies
405874	jio
302350	first networks operations
405870	jio
405871	jio
405872	jio
405873	jio
334001	comunicaciones digitales del norte, s.a. de c.v.
65550	ericsson south africa (pty) ltd
62126	swift
62127	smile communications nigeria
28409	compatel limited
62125	visafone
62122	interc network ltd.
50590	singtel optus
62120	airtel/zain/econet
28403	btc mobile eood (vivatel)
28401	mobiltel ad
28407	национална компания железопътна инфраструктура
28406	btc mobile eood (vivatel)
28405	telenor/cosmo/globul
25504	intertelecom ltd (it)
405863	jio
313350	dish network
310610	elkhart telco. / epic touch co.
31006	consolidated telcom
40449	airtel
40448	unknown
40441	rpg cellular
40440	airtel
40443	vodafone india
40442	aircel
40445	airtel
40444	spice
360110	c & w
311580	u.s. cellular
43201	ertebatat iran
356070	uts
311570	bend cable communications llc
23486	ee
45432	hong kong broadband network ltd
310500	public service cellular inc.
47009	bangladesh internet exchange limited (biel)
405860	jio
47004	teletalk
47005	citycell
47006	citycell
47007	airtel/warid
312750	artemis networks llc
47001	grameenphone
47002	robi/aktel
47003	orascom/banglalink
51021	indosat/satelindo/m3
51020	pt telkom indonesia tbk
51027	pt sampoerna telekomunikasi indonesia (sti)
51028	pt smartfren telecom tbk
311050	thumb cellular limited partnership
27002	mtx connect s.a.r.l.
27001	p+t/post luxgsm
73601	viva/nuevatel
73603	tigo
73602	entel pcs
50518	pactel international pty ltd
50519	lycamobile pty ltd
50516	victorian rail track corp. (victrack)
50517	optus
50514	aapt ltd.
50515	3gis
50512	h3g ltd.
50513	railcorp/vodafone
50510	norfolk telecom
50511	telstra corp. ltd.
312950	custer telephone co-op (ctci)
312980	mark twain communications company
311130	lightsquared l.p.
35670	uts cariglobe
73020	inversiones santa fe limitada
73023	claro servicios empresariales s. a.
22288	wind (blu) -
405041	tata docomo
405043	tata docomo
311284	verizon wireless
405045	tata docomo
405044	tata docomo
405047	tata docomo
405046	tata docomo
23802	telenor/sonofon
23803	mach connectivity aps
23801	tdc denmark
23806	h3g
23807	mundio mobile
23804	nextgen mobile ltd (cardboardfish)
310470	docomo
55301	tuvalu telecommunication corporation (ttc)
312810	bristol bay telephone cooperative
65302	swazi mobile limited
65301	swazitelecom
302420	a.b.c. allen business communications ltd.
311470	vitelcom cellular inc.
20605	telenet bidco nv
312930	hewlett-packard communication services, llc
302250	alo mobile inc.
732001	tigo/colombia movil
311220	united states cellular corp.
21890	bh mobile
311370	gci communication corp.
64011	smile communications tanzania ltd
64012	mycell limited
64013	wiafrica tanzania limited
302510	videotron
24444	turun ammattikorkeakoulu oy
732103	tigo/colombia movil
732102	movistar
732101	comcel s.a. occel s.a./celcaribe
22250	iliad italia
65541	south african police service
310066	u.s. cellular
310060	consolidated telcom
342810	cingular wireless
65546	sms cellular services (pty) ltd
45402	csl ltd.
45403	h3g/hutchinson
45400	csl ltd.
45401	citic telecom ltd.
45406	vodafone/smartone
45407	china unicom ltd
45404	h3g/hutchinson
45405	h3g/hutchinson
61804	comium bvi
45408	truephone
45409	china motion
61801	lonestar
61802	libercell
312800	cirrus core networks
64126	lycamobile network services uganda limited
26260	db telematik
64122	airtel/warid
63408	vivacell
63409	nec
64304	vodacom
63403	mtn sudan
63400	canar telecom
63401	zain/mobitel
63406	zain/mobitel
64301	mcel
63405	vivacell
64503	zamtel/cell z/mts
65202	orange
311910	si wireless llc
36801	c-com
41892	itisaluna and kalemat
312110	texas energy network llc
90138	multiregional transittelecom (mtt)
90139	mtx connect ltd
90134	tyntec gmbh
90135	globecomm network services
90136	azerfon
45504	c.t.m. telemovel+
54202	digicell
54203	telecom fiji ltd
90132	megafon
54201	vodafone
25705	beltelecom
63086	orange rdc sarl
42528	phi networks
42529	cg networks
23404	fms solutions ltd
63088	yozma timeturns sprl (ytt)
63089	tigo/oasis
41301	mobitel ltd.
41303	etisalat/tigo
41302	mtn/dialog
41305	airtel
41304	lanka bell ltd
310080	at&t mobility
41308	h3g hutchison
346006	digicel ltd.
71404	digicel
71401	cable & w./mas movil
71403	claro
71402	movistar
62207	soteltchad
62204	salam/sotel
62203	tigo/milicom/tchad mobile
62202	tchad mobile
62201	airtel/zain/celtel
27821	go mobile
312020	infrastructure networks, llc
24025	digitel mobile srl
24024	telenor (vodafone)
24027	fogg mobile ab
24026	beepsend
24021	trafikverket ict
24020	wireless maingate ab
24023	infobip ltd.
24022	eu tel ab
24029	mercury international carrier services
53003	walker wireless ltd.
313210	at&t mobility
40485	reliance telecom private
53002	spark/nz telecom
42526	lb annatel ltd.
34010	guadeloupe téléphone mobile
53005	spark/nz telecom
310880	advantage cellular systems, inc.
34012	uts caraibe
53007	bluereach limited
334010	nextel
40217	bhutan telecom ltd (btl)
330000	pr wireless
40211	b-mobile
50211	mtx utara
41882	korek
50213	celcom
50212	maxis
405867	jio
50214	telekom malaysia berhad for pstn sms
50217	maxis
50216	digi telecommunications
50219	celcom
50218	u mobile
405869	jio
405868	jio
302360	clearnet
302361	clearnet
45507	china telecom (macau) limitada
312330	nemont communications, inc.
36294	bòbò frus n.v.
45505	hutchison telephone co. ltd
73022	cellplus spa
53943	shoreline communication
310660	t-mobile
20419	mixe communication solutions b.v.
312100	clearsky technologies, inc.
31014	testing
31015	unknown
310670	northstar
312610	ntelos licenses, inc.
40458	bsnl
40459	bsnl
40452	reliance telecom private
40453	bsnl
40450	reliance telecom private
40451	bsnl
40456	escotel mobile communications
40457	bsnl
40454	bsnl
40455	bsnl
312240	sprint corporation
311590	california rsa no. 3 limited partnership
90141	bodytrace netherlands b.v.
24299	tampnet as
313030	eagle telephone system inc.
24290	nokia solutions and networks norge as
41404	myanmar posts and telecommunications
302940	wightman telecom
72454	porto seguro telecomunicacoes
41402	myanmar posts and telecommunications
41403	myanmar economic corporation
41400	myanmar posts and telecommunications
43220	rightel
43221	social security investment co.
90146	telecom26 ag
311040	commnet wireless
405827	videocon datacom
50528	rcom international pty ltd
302380	dmts mobility
50523	challenge networks pty. ltd.
50522	iinet ltd
50521	queensland rail limited
50520	ausgrid corporation
61303	telecel
61302	airtel/zain/celtel
61301	telemob-onatel
50524	advanced comm tech pty.
60309	algérie télécom
55201	palau national communications corp. (pncc) (palau
60301	atm mobils
60302	orascom / djezzy
60303	oreedo/wataniya / nedjma
60307	algérie télécom
22298	blu s.p.a.
22299	hi3g
23830	telia
26292	nash technologies
311100	nex-tech wireless
310400	minnesota south. wirel. co. / hickory
64804	econet
64803	telecel
64801	net one
65519	wireless business solutions (pty) ltd
65310	swazi mtn
302660	mts mobility
43002	etisalat
312920	northeast wireless networks llc
722320	claro/ cti/amx
310311	farmers wireless
311210	telnyx llc
314100 - 190	reserved for public safety
42577	hot mobile/mirs
27213	lycamobile
22856	smsrelay ag
27211	tesco mobile/liffey telecom
27217	hutchison 3g ireland limited
27216	carphone warehouse
27215	upc
302560	lynx mobility
25029	iridium communications
732176	directv colombia ltda
46020	china tietong
25501	umc/mts
65553	lycamobile (pty) ltd
25503	kyivstar
22851	bebbicell ag
25505	golden telecom
376050	digicel tci ltd
25507	trimob llc
25506	astelit/life
311850	cellcom
50538	truphone pty ltd
310200	t-mobile
45435	webbing hong kong ltd
310270	t-mobile
45431	china telecom global limited
45430	china data enterprises ltd
26276	siemens ag
26277	e-plus
26274	qualcomm cdma technologies gmbh
26275	core network dynamics gmbh
26272	ericsson gmbh
26273	xantaro deutschland gmbh
26278	telekom deutschland gmbh
310090	edge wireless llc
20601	belgacom/proximus
20600	belgacom mobile
732004	compatel colombia sas
20602	snct/nmbs
732002	edatel s.a.
732003	lleida s.a.s.
20607	mundio mobile belgium nv
20606	lycamobile belgium
20609	voxbone mobile
20608	nethys
42101	sabaphone
61905	africel
61904	comium
61907	qcell sierra leone
61906	sierra leone telephony
61901	airtel/zain/celtel
61903	africel
61902	tigo/millicom
61909	intergroup telecom sl
45503	hutchison telephone co. ltd
45502	china telecom
45501	c.t.m. telemovel+
45500	smartone mobile
36295	eocg wireless nv
45506	smartone mobile
42203	nawras
42202	oman mobile/gto
90149	zain kuwait
90148	communication for devices in sweden ab
41409	myanmar national tele & communication co., ltd
41406	telenor
90140	deutsche telekom ag
90143	emnify gmbh
41405	oreedoo
90145	advanced wireless network company limited
90144	at&t inc.
90147	ooredoo
41401	myanmar post & teleco.
310070	at&t; wireless inc.
64207	smart mobile / lacell
64201	spacetel / econet / leo
311230	cellular south inc.
64203	onatel / telecel
64202	africel / safaris
64208	lumitel/viettel
312410	eltopia communications, llc
302702	mt&t; mobility
302703	new tel mobility
302701	nb tel mobility
41312	sri lanka telecom plc
41313	lanka bell ltd
41311	dialog broadband networks (pvt) ltd
90142	dcn hub ehf
310620	coleman county telco /trans tx
33409	nextel
33404	at&t;/iusacell
33403	movistar/pegaso
33402	telcel/america movil
33401	nextel
45618	mfone/camshin/cellcard
311650	united wireless communications inc.
54301	service des postes et télécommunications des îles wallis et futuna (spt)
41538	mic2/libancell/mtc
41539	mic2/libancell/mtc
312900	cleartalk
41532	cellis
41533	cellis
41536	mic2/libancell/mtc
41537	mic2/libancell/mtc
41534	ftml cellis
41535	cellis
24036	id mobile
24037	clx networks ab
24034	pro net telecommunications services ltd.
24035	42 telecom ab
24032	compatel limited
24033	mobile arts ab
24030	nextgen mobile ltd (cardboardfish)
24031	rebtel network ab
313200	mercury network corporation
24038	voxbone mobile
24039	borderlight ab
44100	wireless city planning inc.
44101	softbank corp.
310890	verizon wireless
334060	sai pcs
334066	telefonos de méxico, s.a.b. de c.v.
732111	tigo/colombia movil
311690	telebeeper of new mexico
54010	breeze
63770	onkod telecom ltd.
302370	fido (rogers at&t;/ microcell)
311450	panhandle telecommunication systems inc.
312320	rtc communications llc
62100	capcom
62101	visafone
312030	cross wireless telephone co.
37650	digicel
313330	centurytel broadband services llc
40467	reliance telecom private
40466	bsnl
40464	bsnl
40462	bsnl
40460	aircel digilink india
31023	unknown
31026	unknown
40469	mahanagar telephone nigam
40468	mahanagar telephone nigam
250811	votek mobile
356050	wireless ventures (st kitts-nevis) limited
312250	sprint corporation
25999	idc/unite
23002	o2
23003	vodafone
23001	t-mobile / radiomobil
23006	osno telecomunication, s.r.o.
23291	öbb
23004	ufone
23005	travel telekommunikation s.r.o.
65538	wireless business solutions (pty) ltd
23008	compatel s.r.o.
23009	mundio distribution czech republic s.r.o.
00101	test network
22606	telemobil/zapp
22605	rcs&rds; digi mobile
22604	telemobil/zapp
22603	cosmote
22602	romtelecom sa
22601	vodafone
65534	bokone telecoms pty ltd
311070	wisconsin rsa #7 limited partnership
23222	plintron austria limited
23223	t-mobile austria gmbh
23220	mtel austrija gmbh
23221	salzburg ag für energie, verkehr und telekommunikation
50534	santos limited
50535	messagebird pty ltd
50536	optus mobile pty. ltd.
342820	sunbeach
50530	compatel limited
50531	bhp billiton
51009	pt smartfren telecom tbk
51008	axis/natrindo
51007	flexi (pt telkom) (cdma)
51003	pt indosat tbk
50539	telstra corporation ltd.
51001	indosat/satelindo/m3
51000	pt pasifik satelit nusantara (psn)
302390	dryden mobility
28601	turkcell
28603	avea/aria
28602	vodafone-telsim
28604	avea/aria
73007	telefonica
73006	blue two chile sa
73005	nextel sa
73004	nextel sa
73003	claro
73002	telefonica
73001	entel telefonia mov
25092	printelefone
25091	sonic duo cjsc
73009	nextel sa
73008	vtr banda ancha sa
23820	telia
312640	sagebrush cellular, inc.
23823	banedanmark
23825	sms provider corp.
74402	claro/hutchison
311110	verizon wireless
35650	digicel
42705	ministry of interior
312480	sagebrush cellular, inc.
310410	at&t; wireless inc.
61001	malitel
61002	orange/ikatel
61003	alpha telecommunication mali s.a.
60201	orange/mobinil
60203	etisalat
60202	vodafone/mirsfone
60204	telecom egypt
55501	niue telecom
311200	arinc
722350	hutchison telecommunications argentina s.a.
722330	claro/ cti/amx
312790	gila electronics
27208	eir group plc
27209	clever communications ltd
27204	access telecom ltd.
27205	three/h3g
27207	eircom ltd
27201	vodafone eircell
27202	three/o2/digifone
27203	meteor mobile ltd.
302570	lightsquared
732165	colombia móvil s.a. esp
21671	upc magyarorszag kft.
21670	vodafone
45428	china mobile/peoples
45429	hkt/pccw
366020	cingular wireless/digicel
45420	hkt/pccw
45421	21vianet mobile ltd.
45422	263 mobile communications (hongkong) limited
45423	lycamobile hong kong ltd
45424	multibyte info technology ltd
45425	hong kong government
45426	hong kong government
26243	lycamobile
26242	vodafone d2
26241	first telecom gmbh
50201	art900
64144	k2 telecom ltd
312860	cleartalk
43102	etisalat
20610	mobistar/orange
20616	nextgen mobile ltd.
24214	ice nordisk mobiltelefon as
20615	elephant talk communications schweiz gmbh
62910	mtn/libertis
21210	monaco telecom
334140	altán redes s.a.p.i. de c.v.
43610	babilon-t
43612	tcell/jc somoncom
24709	sia camel mobile
90158	belgacom ics sa
311390	verizon wireless
90152	manx telecom trading ltd.
90153	deutsche telekom ag
90150	echostar mobile
90151	visionng
312130	east kentucky network llc
90157	sap
90154	teleena holding b.v.
90155	beezz communication solutions ltd.
21451	administrador de infraestructuras ferroviarias
63514	airtel
63517	olleh rwanda networks
63510	mtn/rwandacell
63511	rwandatel s.a.
63512	rwandatel s.a.
63513	tigo
302710	globalstar canada
21699	magyar államvasutak
45601	mobitel/cam gsm
45602	smart mobile
45603	qb/cambodia adv. comms.
45604	cambodia advance communications co. ltd (cadcomms)
45605	smart mobile
45606	smart mobile
45608	metfone
45609	sotelco/beeline
310210	t-mobile
41505	ogero telecom
44009	ntt docomo
44008	kddi corporation
41501	mic1 (alfa)
70401	claro
44005	wireless city planning inc.
44004	softbank mobile corp
44007	kddi corporation
44006	softbank mobile corp
44001	ntt docomo
44000	y-mobile
44003	ntt docomo
44002	ntt docomo
24003	netett sverige ab
24002	h3g access ab
24001	telia mobile
24007	tele2 sverige ab
24006	telenor (vodafone)
24005	svenska umts-n
24004	h3g access ab
313230	velocity communications inc.
24009	communication for devices in sweden ab
24008	telenor (vodafone)
29703	mtel
29702	monet/t-mobile
29701	telenor/promonte gsm
44170	kddi corporation
71220	virtualis
334070	operadora unefon sa de cv
311680	greenfly llc
40277	tashicell
312310	clear stream communications, llc
405881	assam
54001	breeze
54002	bemobile
313300	cambio wifi of delmarva, llc
311260	slo cellular inc / cellular one of san luis
405849	idea
29411	mobik telekomunikacii dooel skopje
29410	wti macedonia
40470	hexacom india
40471	bsnl
40472	bsnl
40473	bsnl
40474	bsnl
40475	bsnl
40476	bsnl
40477	bsnl
23103	4ka
23102	t-mobile
23101	orange
23107	towercom, a. s.
23106	o2
23105	orange
23104	t-mobile
26606	cts mobile
405848	idea
312260	central lte holdings
62004	expresso ghana ltd
62007	glomobile
62006	airtel/zain
62001	mtn
732099	empresas municipales de cali
62003	milicom/tigo
62002	vodafone
62008	surfline communications ltd
313010	bravado wireless
23217	spusu/mass response
23216	hutchison drei austria
23215	t-mobile/telering
23214	h3g
23213	upc austria
338180	cable & wireless
23211	a1 mobilkom
23210	h3g
22610	orange
22611	enigma systems
302920	rogers communications
22615	idilis
22616	lycamobile
23218	smartspace gmbh
311060	space data corporation
31025	unknown
42891	skytel co. ltd
31024	unknown
23588	telet research (n.i.) limited
50541	aqura technologies pty
50540	citic pacific mining
50543	arrow energy pty ltd
50542	groote eylandt mining company pty ltd
311660	metropcs wireless inc.
51010	telkomsel
51011	pt. excelcom
310790	pinpoint communications inc.
35001	telecommunications (bermuda & west indies) ltd (digicel bermuda)
35002	m3 wireless ltd
35005	telecom networks
31031	t-mobile
31038	usa 3650 at&t;
40509	reliance
73010	entel telefonia
73011	celupago sa
73012	telestar movil sa
73013	tribe mobile spa
73014	netline telefonica movil ltda
73015	cibeles telecom sa
73016	nomade telecomunicaciones s.a.
73017	compatel chile limitada
61105	celcom
73019	sociedad falabella movil spa
61101	orange/sonatel/spacetel
61103	intercel
61102	sotelgui
312650	365 wireless llc
310420	cincinnati bell wireless llc
310320	smith bagley inc.
65801	sure south atlantic ltd.
312490	trustcomm, inc.
90124	voxbone
310050	gci
405805	aircel
405804	aircel
311272	verizon wireless
311273	verizon wireless
311270	verizon wireless
42512	pelephone
42515	home cellular ltd
42514	alon cellular ltd
311274	verizon wireless
42516	rami levy hashikma marketing communications ltd
42519	telzar/azi
74403	compa
311278	verizon wireless
74401	hola/vox
74406	copaco s.a.
43293	iraphone
74404	tigo/telecel
74405	tim/nucleo/personal
310330	t-mobile
43801	mts/barash communication
43802	altyn asyr/tm-cell
43803	aştu
312780	redzone wireless
25525	cst invest
65573	wireless business solutions (pty) ltd
25523	intertelecom
65575	airports company south africa
25521	telesystems of ukraine cjsc (tsu)
302540	rovvr communications inc.
310250	t-mobile
60506	tunicell/tunisia telecom
60502	tunicell/tunisia telecom
60503	oreedo/orascom
60501	orange
26098	play/p4
52099	true move/orange
311870	sprint spectrum
311300	nexus communications inc.
64502	mtn/telecel
25539	golden telecom
312870	gigsky mobile, llc
23007	astelnet, s.r.o.
732020	une epm telecomunicaciones sa esp
311890	globecomm network services corporation
20628	bics
20625	voyacom sprl
20620	base/kpn
26044	rebtel poland sp. z o.o.
313380	optimera inc.
21201	monaco telecom
21409	orange
405845	idea
45012	sk telecom
61925	mobitel
708040	digicel
302490	wind
302491	shaw communications
732154	virgin mobile colombia sas
20820	bouygues telecom
20823	virgin mobile/omer
20822	transatel sa
20825	lycamobile sarl
20824	mobiquithings
20827	afone sa
20826	nrj
20829	orange
20828	astrium
45708	beeline/tigo/millicom
45701	lao tel
45703	unitel/lat
45702	etl mobile
26046	terra telekom sp. z o.o.
302720	rogers at&t; wireless
37412	bmobile/tstt
346050	digicel cayman ltd
62907	warid
36439	bahamas telco. comp.
62901	airtel sa
62902	azur sa (etc)
36430	bahamas telco. comp.
27877	melita
45011	korea cable telecom
310920	get mobile inc.
44018	ntt docomo
44019	ntt docomo
44016	ntt docomo
44017	ntt docomo
44014	ntt docomo
44015	ntt docomo
44012	ntt docomo
44013	ntt docomo
44010	ntt docomo
44011	ntt docomo
71610	claro /amer.mov./tim
313220	custer telephone co-op (ctci)
24018	generic mobile systems sweden ab
24019	mundio mobile (sweden) ltd
24014	tdc sverige ab
24015	wireless maingate nordic ab
24016	42 telecom ab
24017	gotalandsnatet ab
24010	spring mobil ab
24011	lindholmen science park ab
24012	lycamobile ltd
24013	ventelo sverige ab
44162	softbank mobile corp
44163	softbank mobile corp
44161	softbank mobile corp
41420	amara communication co.,ltd
41421	amara communication co.,ltd
44164	softbank mobile corp
44165	softbank mobile corp
334040	at&t;/iusacell
313110 - 190	700 mhz public safety broadband
312300	telecom north america mobile, inc.
50220	electcoms wireless sdn bhd
41601	zain /j.m.t.s
41602	xpress
41603	umniah mobile co.
29404	lycamobile llc
313310	cal.net, inc.
29401	t-mobile/mobimak
29402	one/cosmofone
29403	vip mobile
62160	etisalat
45611	seatel cambodia
311780	cellular network partnership
40489	escorts telecom ltd.
40488	escorts telecom ltd.
34011	telcell gsm
40484	vodafone india
40487	escorts telecom ltd.
40486	barakhamba sales & serv.
40481	bsnl
40480	bsnl
40483	reliable internet services
40482	escorts telecom ltd.
54105	digicel
342750	digicel
54107	wantok vanuatu ltd
50537	yancoal australia ltd
54101	smile
54100	aces international (ail)
30802	globaltel
24482	id-mobile
30801	ameris
502195	xox com sdn bhd
311670	pine belt cellular, inc.
62010	blu telecommunications
62011	netafrique dot com ltd
502198	celcom
73805	egovernment unit, ministry of the presidency
50533	clx networks pty ltd
73802	cellink plus
73801	digicel
312270	cellular network partnership llc
313000	tennessee wireless
23201	a1 mobilkom
23202	a1 mobilkom
23203	t-mobile/telering
23204	t-mobile/telering
23205	3/orange/one connect
23206	3/orange/one connect
23207	t-mobile/telering
23208	a1 mobilkom
23209	a1 mobilkom
23591	vodafone united kingdom
23592	vodafone united kingdom
23594	hutchison 3g uk ltd
23595	network rail infrastructure limited
311090	at&t mobility
311880	sprint spectrum
35830	cingular wireless
50550	pivotel group pty limited
313020	cambridge telephone company inc.
310780	message express co. / airlink pcs
24211	systemnet as
23115	orange
35010	digicel / cingular
35011	deltronics
31046	simmetry
311920	missouri rsa no 5 partnership
310430	gci communication corp.
54900	digicel pacific ltd.
312660	ntelos wireless
60406	ittissalat al-maghrib (maroc telecom)
310035	etex communications, lp
312460	ketchikan public utilities (kpu)
310033	guam teleph. auth.
24435	ukkoverkot oy
65010	airtel/zain/celtel ltd.
405799	idea
310030	at&t mobility
29320	compatel ltd
42502	cellcom ltd.
42503	pelephone
42501	orange/partner co. ltd.
42506	wataniya mobile
42507	hot mobile/mirs
42504	globalsim ltd
42505	jawwal
42508	golan telekom
42509	marathon 018 xphone ltd.
73000	tesam sa
722310	claro/ cti/amx
43299	tci of iran and rightel
302520	videotron
43290	iraphone gheshm of iran
65903	gemtel ltd (south sudan
65902	mtn south sudan (south sudan
65904	network of the world ltd (now) (south sudan
65907	sudani
65906	zain south sudan (south sudan
24809	bravo telecom
24808	vivex ou
24803	tele2 eesti as
24802	radiolinja eesti
24801	emt gsm
64501	airtel/zain/celtel
24807	televõrgu as
24806	progroup holding
24805	as bravocom mobiil
24804	top connect ou
310220	t-mobile
722034	telecom personal s.a.
23108	ipfon, s.r.o.
72435	telcom telecomunicações
312840	south georgia regional information technology authority
23458	manx telecom
311860	uintah basin electronics telecommunications inc.
311311	farmers
311310	lamar county cellular
312680	at&t mobility
302480	ssi connexions
26221	multiconnect gmbh
26220	e-plus
26223	drillisch online ag
26222	sipgate wireless gmbh
64166	i-tel ltd
72433	ctbc celular sa (ctbc)
20630	unleashed nv
20633	ericsson nv
23828	cooltel aps
60405	wana corporate
60404	al houria telecom
60402	inwi/wana
60401	iam/itissallat
60400	medi telecom
63757	unitel s.a.r.l.
63750	hormuud telecom somalia inc
708030	hondutel
23452	shyam telecom uk ltd
23455	guernsey telecoms
310130	north carolina rsa 3 cellular tel. co.
23454	the carphone warehouse limited
20832	orange s.a.
732142	une epm telecomunicaciones sa esp
20830	syma mobile
20831	mundio mobile (france) ltd
310390	yorkville telephone cooperative
26038	callfreedom sp. z o.o.
23456	cesg
310550	syniverse technologies
62805	réseau de l’administration gabonaise
62804	azur/usan s.a.
62801	libertis s.a.
302820	rogers communications
62803	airtel/zain/celtel gabon s.a.
62802	moov/telecel
21303	mobiland
302730	terrestar networks
44085	kddi corporation
54801	telecom cook islands
405875	uninor
26032	compatel limited
45006	lg telecom
45007	kt
44029	ntt docomo
45005	sk telecom co. ltd
45002	kt freetel co. ltd.
45003	sk telecom
45001	globalstar asia pacific
44023	ntt docomo
44022	ntt docomo
44021	ntt docomo
44020	softbank mobile corp
44027	ntt docomo
44026	ntt docomo
44025	ntt docomo
44024	ntt docomo
313250	imperial county office of education
24061	messagebird b.v.
24060	telefonaktiebolaget lm ericsson
312580	morgan, lewis & bockius llp
40108	kazakhtelecom
22899	swisscom broadcast ag
71203	claro
40101	beeline/kar-tel llp
71201	ice
20498	t-mobile b.v.
71204	movistar
311460	fisher wireless services inc.
334050	at&t;/iusacell
62124	spectranet
62150	glo mobile
20212	yuboto
302221	telus mobility
41677	orange/petra
29475	one/cosmofone
311790	coleman county telephone cooperative, inc.
34008	dauphin telecom su (guadeloupe telecom)
34009	free mobile
40498	airtel
34002	outremer telecom
34003	telcell gsm
40494	airtel
34001	orange caribe
40492	airtel
40493	airtel
40490	airtel
40491	aircel
41701	syriatel holdings
41702	mtn/spacetel
24491	teliasonera
24492	teliasonera finland oyj
312340	matanuska telephone association, inc.
41709	syriatel holdings
312200	voyager mobility llc
20640	join experience (belgium)
63719	hortel
29509	emnify gmbh
29505	telecom fl1 ag
29507	first mobile ag
29506	cubic (liechtenstein
29501	swisscom fl ag
29502	orange
72499	used for ransharing control and roaming between tim and oi
62602	unitel sao tome and principe
27079	mitto a.g.
27078	interactive digital media gmbh
27077	millicom tango gsm
311080	pine telephone company
62601	cstmovel
312510	wue inc.
50568	national broadband network co.
26021	exteri sp. z o.o.
50562	national broadband network co.
50561	commtel network solutions pty ltd
311640	standing rock telecommunications
313100	700 mhz public safety broadband
36291	setel gsm
31059	cellular one
312620	globetouch inc.
90160	oneweb
26020	mobile.net sp. z o.o.
358110	cable & wireless
50588	localstar holding pty. ltd
312670	at&t mobility
310680	at&t; wireless inc.
26027	intertelcom sp. z o.o.
311360	stelera wireless
312470	carolina west wireless
65001	tnm/telekom network ltd.
65002	access communications ltd
26026	advanced technology & experience sp. z o.o.
23415	vodafone
23414	haysystems
23417	flextel
23416	opal telecom
23411	o2 ltd.
23410	o2 ltd.
23413	network rail infrastructure ltd
23412	railtrack plc
311250	wave runner llc
23418	cloud9/wire9 tel.
310300	t-mobile
51502	globe telecom
23098	správa železniční dopravní cesty, s.o.
350000	bermuda digital communications ltd (bdc)
344030	apua pcs
27099	orange/voxmobile s.a.
26024	it partners telco sp. z o.o.
90105	thuraya satellite
40520	reliance
24210	norwegian communications authority
40521	reliance
45004	kt freetel co. ltd.
722020	nextel
44028	ntt docomo
25039	uraltel
25038	central telecommunication company
405912	etisalat db(cheers)
25035	motiv/llc ekaterinburg-2000
25034	krymtelekom
405911	idea
25033	sevtelekom
25032	k-telecom
405910	idea
42403	du
42402	etisalat
312690	tgs, llc
26233	sipgate gmbh
40446	vodafone india
316011	southern communications services inc.
52507	singtel
52506	starhub
52505	starhub
316010	sprint spectrum
52503	mobileone ltd
52502	singtel
52501	singtel
52509	liberty wireless pte ltd
52508	starhub mobile
45008	kt freetel co. ltd.
63760	nationlink
63767	htg group somalia
53901	tonga communications
36259	united telecommunication service n.v. (uts)
61940	datatel (sl) ltd.
41845	mobitel (iraq-kurdistan) and moutiny
36251	telcell gsm
310120	sprint spectrum
41840	korek
46705	cheo technology jv company
46706	cheo technology jv company
24810	telcotrade oü
24811	uab raystorm eesti filiaal
20809	s.f.r.
26028	phonenet sp. z o.o.
20807	globalstar
20806	globalstar
20805	globalstar
20804	sisteer
20803	mobiquithings
20802	orange
20801	orange
20800	tel/tel
41280	afghan telecom corp. (at)
41288	afghan telecom corp. (at)
262n/a	talkline
362951	uts wireless
313390	altice usa wireless, inc.
60704	q-cell
60705	gamtel-ecowan
60706	netpage
60701	gamcel
60702	africel
60703	comium
42888	unitel
46612	ambit microsystems
312070	adams networks inc
310900	cable & communications corp.
313240	fundamental holdings, corp.
62703	hits-ge
62701	orange/getesa
302740	shaw communications
36070	digicel
44140	ntt docomo
44141	ntt docomo
44142	ntt docomo
44143	ntt docomo
54901	telecom samoa cellular ltd.
44145	ntt docomo
311410	iowa rsa no. 2 limited partnership
54720	vini/tikiphone
71073	claro
62140	m-tel/nigeria telecom. ltd.
302130	xplornet communications
714020	movistar
27412	ip fjarskipti
27416	tismi bv
44034	ntt docomo
44035	ntt docomo
44036	ntt docomo
44037	ntt docomo
44030	ntt docomo
44031	ntt docomo
44032	ntt docomo
44033	ntt docomo
44038	ntt docomo
44039	ntt docomo
311840	cellcom
71202	ice
40102	k-cell
311520	lightsquared l.p.
20205	vodafone
20204	organismos sidirodromon ellados (ose)
20207	amd telecom sa
28022	lemontel ltd
20201	cosmote
20203	ote hellenic telecommunications organization sa
20202	cosmote
313320	paladin wireless
312210	aspenta international, inc.
20209	tim/wind
302220	telus mobility
302222	telus mobility
310240	t-mobile
313060	country wireless
40107	dalacom/altel
29510	soracom li ltd.
502155	samata communications sdn bhd
502154	tron/talk focus sdn bhd
502157	telekomunikasi indonesia international (m) sdn bhd
502156	altel communications sdn bhd
502151	baraka telecom sdn bhd
502150	tune talk sdn bhd
502153	webe/packet one networks (malaysia) sdn bhd
502152	yes
51511	pldt via aces philippines
51518	red mobile/cure
43235	mtn/irancell
61602	etisalat/moov
61603	mtn/spacetel
61601	libercom
312500	ab spectrum llc
61604	bell benin/bbcom
61605	glomobile
50571	telstra corp. ltd.
50572	telstra corp. ltd.
64140	civil aviation authority (caa)
43232	taliya
31060	consolidated telcom
28803	edge mobile sp/f
28802	kall gsm
28801	faroese telecom
50599	railcorp/vodafone
311740	telalaska cellular
312440	consolidated telcom
310690	keystone wireless llc
24443	telavox ab / telavox oy
24442	sms provider corp.
24441	nokia solutions and networks oy
24440	nokia solutions and networks oy
27007	bouygues telecom s.a.
311940	sprint corporation
63422	mtn
23406	internet computer bureau limited
23407	cable and wireless
312990	premier holdings llc
23405	colt mobile telecommunications limited
23402	o2 ltd.
23403	airtel/vodafone
23400	bt group
23401	mapesbury c. ltd
42520	bezeq the israeli telecommunication corp ltd.
42521	b.i.p. communications ltd.
311240	cordova wireless
42524	partner communications company ltd.
42525	israel ministry of defense
23408	onephone
23409	tismi
310340	westlink communications, llc
65101	vodacom lesotho
65102	econet/ezi-cel
27080	syniverse technologies s.à r.l.
27081	e-lux mobile telecommunication s.a.
405755	vodafone india
405754	vodafone india
405756	vodafone india
405751	vodafone india
405750	vodafone india
405753	vodafone india
405752	vodafone india
63601	eth/mtn
311950	enhanced telecommmunications corp.
25028	beeline/vimpelcom
311330	michigan wireless llc
53701	pacific mobile
722010	compania de radiocomunicaciones moviles sa
25023	gtnt
25020	tele2/ecc/volgogr.
25021	jsc globaltel
26207	o2
26206	t-mobile/telekom
26205	e-plus
26204	vodafone d2
26203	e-plus
26202	vodafone d2
26201	t-mobile/telekom
26209	vodafone d2
26208	o2
52510	tpg telecom pte ltd
52047	telephone organization of thailand (tot)
52512	grid communications pte ltd
46609	vmax telecom co. ltd
63771	somtel
46605	asia pacific telecom co. ltd (apt)
46607	far eastone
46606	far eastone
46601	far eastone
46603	far eastone
46602	far eastone
42701	ooredoo/qtel
42702	vodafone
366110	c & w
42706	ministry of interior
310110	pti pacifica inc.
61950	datatel (sl) ltd.
20818	voxbone mobile
20819	altitude infrastructure
20810	s.f.r.
20811	s.f.r.
20812	hewlett-packard france
20813	s.f.r.
20814	lliad/free mobile
20815	lliad/free mobile
20816	lliad/free mobile
20817	legos - local exchange global operation services sa
63801	djibouti telecom sa (evatis)
376352	islandcom communications ltd.
376350	cable & wireless (tci) ltd
42518	cellact communications ltd.
36403	smart communications
302590	quadro communications co-op
42898	g-mobile corporation ltd
42899	mobicom
310370	docomo
23436	cable and wireless isle of man
40556	airtel
310970	globalstar
54601	opt mobilis
312040	custer telephone cooperative inc.
310010	verizon wireless
24047	viatel sweden ab
24046	sms provider corp.
24045	spirius ab
24044	telenabler ab
24043	mobiweb ltd.
24042	telenor connexion ab
24041	shyam telecom uk ltd.
24040	north net connect ab
313270	blackstar management
467193	sun net
60606	hatef
60601	al-madar
60600	libyana
60603	libyana
60602	al-madar
40496	airtel
40497	airtel
40495	airtel
311380	new dimension wireless ltd.
310800	t-mobile
23808	voxbone mobile
44193	ntt docomo
44192	ntt docomo
44191	ntt docomo
44190	ntt docomo
44194	ntt docomo
44199	ntt docomo
44198	ntt docomo
27408	siminn
27409	amitelo
27402	vodafone/tal hf
27403	vodafone/tal hf
312190	sprint spectrum
27401	siminn
27406	núll níu ehf
27407	icecell
27404	viking/imc
27405	vodafone/tal hf
44041	softbank mobile corp
44040	softbank mobile corp
44043	softbank mobile corp
44042	softbank mobile corp
44045	softbank mobile corp
44044	softbank mobile corp
44047	softbank mobile corp
44046	softbank mobile corp
44049	ntt docomo
44048	softbank mobile corp
25022	vainakh telecom
90159	messagebird b.v.
312220	missouri rsa no 5 partnership
23805	aps kbus
311530	newcore wireless llc
20216	inter telecom
20214	cyta mobile
20215	bws
313050	manti tele communications company, inc.
20213	compatel limited
20210	tim/wind
20211	interconnect
313290	gulf coast broadband llc
90156	european telecommunications standards institute
310590	verizon wireless
23099	vodafone
51503	smart
51500	fix line
51501	globe telecom
40522	reliance
40523	reliance
360050	digicel
51505	sun/digitel
22237	h3g s.p.a.
310750	east kentucky network llc
312530	sprint spectrum
311620	terrestar networks, inc.
334090	nextel
34020	bouygues/digicel
405850	idea
338070	oceanic digital jamaica limited
22238	linkem s.p.a.
22239	sms italia s.r.l.
22236	digi italy s.r.l.
302750	sasktel mobility
22234	bt italia spa
22235	lycamobile srl
22233	postemobile spa
22230	rfi rete ferroviaria italiana spa
302270	bragg communications
312450	cable & communications corporation
311750	cleartalk
25905	idc/unite
25904	eventis mobile
25901	orange/voxtel
25903	idc/unite
25902	moldcell
61703	mahanagar telephone
61702	mahanagar telephone
61701	orange/cellplus
55401	teletok
23433	everyth. ev.wh./orange
23432	everyth. ev.wh./t-mobile
23431	everyth. ev.wh./t-mobile
23430	everyth. ev.wh./t-mobile
722340	telecom personal s.a.
722341	telecom personal s.a.
23435	jsc ingenicum
23434	everyth. ev.wh./orange
23439	gamma telecom holdings ltd.
23438	virgin media
313070	midwest network solutions hub llc
310570	mtpcs llc
311340	illinois valley cellular rsa 2 partnership
376360	cable & wireless west indies ltd (turks & caicos)
25019	ojsc altaysvyaz
25018	osnova telecom
366050	wireless ventures (dominica) ltd (digicel dominica)
750001	cable and wireless south atlantic ltd (falkland islands
25013	kuban gsm
25012	baykal westcom
25011	orensot
25010	dtc/don telecom
25017	uraltel
25016	ntc
25015	zao smarts
25014	megafon ojsc
26210	db netz ag
26211	o2
26212	e-plus
26213	mobilcom
26214	group 3g umts
26215	airdata
26216	telogic/vistream
26217	e-plus
26218	netcologne
26219	inquam deutschland
63701	telesom
63704	somafone
405800	aircel
302690	bell mobility
46610	global mobile corp.
46611	chunghwa telecom ldm
41862	itisaluna wireless co.
310100	plateau telecommunications inc.
311180	at&t mobility
36278	telefonia bonairiano n.v.
708002	telefonica/celtel
708001	sercom/claro
311980	ligtel communications
36276	antiliano por n.v.
36274	pcs n.v.
311290	pinpoint communications inc.
732199	suma movil sas
21803	eronet mobile
21805	m-tel
311720	mainepcs llc
311960	lycamobile usa inc.
41503	mic2/libancell/mtc
63010	mtn
70403	telefonica
44110	uq communications inc.
310930	copper valley wireless
70299	speednet communications limited
42601	batelco
42603	civil aviation authority
42602	zain/vodafone
42605	bahrain telecommunications company
42604	viva
41008	instaphone
41002	ptcl
41003	ufone/paktel
41001	mobilink
41006	telenor
41007	warid telecom
41004	zong/cmpak
41005	sco mobile ltd
29201	prima telecom
50544	roy hill iron ore pty ltd
302670	citywest mobility
20407	teleena holding bv
54927	samoatel mobile
310810	lcfr llc
54705	viti
311430	rsa 1 limited partnership
20425	capx b.v.
20424	private mobility nederland bv
20427	breezz nederland b.v.
20426	speakup b.v.
20421	ns railinfrabeheer b.v.
20420	t-mobile/former orange
20423	aspider solutions
20422	ministerie van defensie
20429	private mobile ltd
20428	lancelot bv
312180	keystone wireless llc
44052	kddi corporation
44053	kddi corporation
44050	kddi corporation
44051	kddi corporation
44056	kddi corporation
44054	kddi corporation
44055	kddi corporation
44058	ntt docomo
405880	uninor
26279	ng4t gmbh
24201	telenor
24203	teletopia
24202	netcom
24205	network norway as
24204	tele2
24207	ventelo as
24206	ice nordisk mobiltelefon as
24209	com4 as
24208	tdc mobil a/s
313040	nucla-naturita telephone company
42523	beezz communication solutions ltd.
23809	dansk beredskabskommunikation a/s
28001	vodafone/cyta
313280	king street wireless, lp
342800	ozone wireless inc.
310580	pcs one
40513	reliance
40512	reliance
40511	reliance
40510	reliance
311610	north dakota network company
40515	reliance
40514	reliance
40519	reliance
40518	reliance
310740	telemetrix inc.
42103	yemen mob. cdma
405812	aircel
405810	aircel
405811	aircel
405818	uninor
312520	anin
311279	verizon wireless
28310	orange
338040	symbiote investment limited
22208	fastweb spa
22202	elsacom
22201	tim
22200	voip line
22207	noverca italia srl
22206	vodafone
22205	telespazio
22204	intermatica
312420	nex-tech wireless
311760	edigen inc.
52802	b-mobile
61710	emtel ltd
51403	viettel timor-leste
51402	timor telecom
51401	telin/ telkomcel
311820	sonus networks
24429	scnl truphone
24428	teknologian tutkimuskeskus vtt oy
25915	interdnestrcom
24421	elisa/saunalahti
24423	exfo oy
24422	exfo oy
24425	datame oy
24424	tty-säätiö
24427	teknologian tutkimuskeskus vtt oy
24426	compatel ltd
374130	digicel
73402	digitel c.a.
73401	digitel c.a.
61807	cellcom
73406	movilnet c.a.
73404	movistar/telcel
72404	tim
310360	cellular network partnership llc
23428	marthon telecom
722070	movistar/telefonica
23424	stour marine
23425	truphone
23426	lycamobile
23427	vodafone
23420	h3g hutchinson
23421	logicstar ltd
23422	routotelecom
23423	vectofone mobile wifi
310560	at&t; wireless inc.
43709	o!/nur telecom
43705	megacom
43703	aktel llc
43250	arya resaneh tadbir
43701	beeline/bitel
61401	orange/sahelc.
61402	airtel/zain/celtel
61403	moov/telecel
61404	orange/sahelc.
23577	bt group
330120	pr wireless
51089	h3g cp
51088	pt internux
25004	sibchallenge
25005	yenisey telecom
25006	skylink
25007	zao smarts
25001	mts
65701	eritel
25003	ncc
25008	cs vainahtelecom
25009	skylink
311350	sagebrush cellular inc.
311190	at&t mobility
312880	albemarle county public schools
74810	claro/am wireless
63710	nationlink
21901	t-mobile/cronet
21902	tele2
348170	lime
310170	at&t; wireless inc.
36260	united telecommunication service n.v. (uts)
36263	csc n.v.
36268	curaçao telecom n.v.
36269	polycom n.v./ digicel
732187	etb
70402	tigo/comcel
311990	vtel wireless
311440	bluegrass wireless llc
44098	softbank mobile corp
311289	verizon wireless
311288	verizon wireless
311287	verizon wireless
311286	verizon wireless
311285	verizon wireless
44099	ntt docomo
311283	verizon wireless
311282	verizon wireless
311281	verizon wireless
311280	verizon wireless
311970	big river broadband, llc
41250	etisalat
41255	wasel afghanistan
404045	bharti airtel limited (karnataka) (india)
63004	cellco
63005	supercell
63002	airtel/zain
63001	vodacom
310006	verizon wireless
310004	verizon wireless
310005	verizon wireless
310003	unknown
26005	orange/idea/centertel
26004	tele2
26007	play/p4
26006	play/p4
26001	polkomtel/plus
53004	telstra
26003	orange/idea/centertel
26002	t-mobile/era
26009	lycamobile
26008	e-telko
362630	cingular wireless
70267	digicell
70268	international telco (intelco)
70269	speednet communications limited
63402	mtn
33011	puerto rico telephone company inc. (prtc)
22858	beeone communications sa
22859	mundio mobile limited
23219	tele2
22857	mitto ag
22854	lycamobile ag
22855	wemobile sa
22852	mundio mobile ag
22853	upc cablecom gmbh
22850	3g mobile ag
63407	sudani one
70604	telefonica
70605	intelfon sa de cv
42104	hits/y unitel
42102	mtn/spacetel
70601	claro/cte
70602	digicel
70603	telemovil
64303	movitel
310820	verizon wireless
54715	pacific mobile telecom (pmt)
311420	northwest missouri cellular limited partnership
54710	mara telecom
62199	starcomms
312140	cleveland unlimited, inc.
50532	thales australia
310950	unknown
44069	ntt docomo
44068	ntt docomo
44067	ntt docomo
44066	ntt docomo
44065	ntt docomo
44064	ntt docomo
44063	ntt docomo
44062	ntt docomo
44061	ntt docomo
44060	ntt docomo
311510	ligado networks
24212	telenor
44084	kddi corporation
44087	ntt docomo
44086	kddi corporation
44081	kddi corporation
44080	kddi corporation
44083	kddi corporation
44082	kddi corporation
44089	kddi corporation
44088	kddi corporation
312080	south georgia regional information technology authority
28010	mtn/areeba
23419	pmn/teleware
40478	idea cellular ltd.
71021	empresa nicaraguense de telecomunicaciones sa (enitel)
40479	cellone a&n;
310640	numerex
311600	limitless mobile, llc
40508	reliance
242017	ventelo as
310770	iowa wireless services llc
40505	fascel limited
40506	reliance
40507	reliance
51524	abs-cbn convergence with globe telecom
40501	reliance
40503	reliance
28304	karabakh telecom
28305	vivacell
405807	aircel
405806	aircel
405801	aircel
28301	armentel/beeline
405803	aircel
405802	aircel
312550	great plains communications, inc.
405809	aircel
405808	aircel
302300	ecotel inc.
356110	cable & wireless
310350	mohave cellular lp
310480	choice phone llc
74601	telesur
74602	telecommunicatiebedrijf suriname (telesur)
74603	digicel
74604	uniqa
74605	telecommunications company suriname (telesur)
338050	digicel/mossel
312430	silver star communications
312600	sagebrush cellular, inc.
405028	tata docomo
24604	lr vidaus reikalų ministerija (ministry of the interior)
90131	orange s.a.
311770	altiostar networks, inc.
24438	nokia solutions and networks oy
24439	nokia solutions and networks oy
310960	uintah basin electronics telecommunications inc.
24432	voxbone sa
24433	virve tuotteet ja palvelut oy
24430	mundio mobile oy
24431	ukko mobile oy
24436	teliasonera finland oyj / suomen yhteisverkko oy
24437	tismi bv
24434	bittium wireless oy
352050	digicel
22101	telecom of kosovo j.s.c.
22102	ipko
90137	transatel
22106	dardaphone.net llc
61501	togo telecom/togocell
90130	unassigned
61503	telecel/moov
61502	telecel/moov
374120	bmobile/tstt
23459	limitless mobile ltd
72434	ctbc celular sa (ctbc)
72437	unicel do brasil telecomunicacoes ltda
72436	options telecomunicações
72431	oi (tnl pcs / oi)
72430	oi (tnl pcs / oi)
330110	puerto rico telephone company inc. (prtc)
72432	ctbc celular sa (ctbc)
23451	jersey telecom
23450	jersey telecom
23453	limitless mobile ltd
90133	smart communications
72439	nextel (telet)
72438	claro/albra/america movil
23457	sky uk limited
26880	telecomunicações móveis nacionais
310260	t-mobile
55280	palau mobile corp. (pmc) (palau
312850	onvoy spectrum, llc
405042	tata docomo
312720	southern communications services
43240	ertebatat mobinnet
22210	vodafone
51099	esia (pt bakrie telecom) (cdma)
60804	csu-sa
74807	movistar
74803	ancel/antel
74800	administración nacional de telecomunicaciones
74801	ancel/antel
61218	yoomee
312890	circle gx
302610	bell mobility
43404	bee line/unitel
43405	ucell/coscom
43406	rubicon wireless communication
43407	mts/uzdunrobita
43401	buztel
43402	uzmacom
43403	uzbektelekom
43408	uzbektelekom
311160	lightsquared l.p.
64710	sfr
52018	total access (dtac)
21912	tele focus d.o.o.
21910	vipnet d.o.o.
52015	act mobile
63720	somnet
310160	t-mobile
41800	asia cell telecommunications company
41805	asia cell
41808	sanatel
65401	huri - snpt
65402	telecom malagasy (telma)
43212	dadeh dostar asr novin p.j.s. co & information technology company of iran
310230	t-mobile
312940	webformix
344920	c & w
302780	sask tel mobility
53702	greencom png ltd
53703	digicel
64282	spacetel / econet / leo
302770	tnw wireless inc.
23212	3/orange/one connect
310015	southern communications
310017	north sight communications inc.
310016	leap wireless international inc.
310011	northstar
36320	digicel
310013	verizon wireless
310012	verizon wireless
26016	mobyland
26017	aero2 sp.
26014	sferia
26015	tele2
26012	cyfrowy polsat s.a.
26013	sferia
26010	sferia
26011	nordisk polska
26018	amd telecom.
26019	teleena holding bv
40005	special state protection service of the republic of azerbaijan
63104	movicel
63102	unitel
302650	thunder bay telephone
302651	bell mobility
302652	bc tel mobility
302653	telus mobility
302654	sask tel mobility
302655	mts mobility
302656	tbay mobility
302657	quebectel mobility
22861	compatel ltd.
22860	sunrise communications ag
311320	commnet wireless
41240	areeba/mtn
310830	caprock cellular ltd.
20403	voiceworks mobile bv
20402	tele2
20401	radioaccess network services
29310	slovenske zeleznice d.o.o.
20406	mundio/vectone mobile
20405	elephant talk communications premium rate services netherlands bv
20404	vodafone libertel
20409	lycamobile ltd
20408	kpn telecom b.v.
312400	mid-rivers telephone cooperative
44078	okinawa cellular telephone
44079	kddi corporation
310940	poka lambro telco ltd.
44070	kddi corporation
44071	kddi corporation
44072	kddi corporation
44073	kddi corporation
44074	kddi corporation
44075	kddi corporation
44076	kddi corporation
44077	kddi corporation
311560	otz communications, inc.
44096	softbank mobile corp
44097	softbank mobile corp
44094	softbank mobile corp
44095	softbank mobile corp
44092	softbank mobile corp
44093	softbank mobile corp
44090	softbank mobile corp
44091	tokyo organising committee of the olympic and paralympic games
24225	forsvarets kompetansesenter kkis
24224	mobile norway as
24223	lycamobile ltd
24222	network norway as
24221	jernbaneverket (gsm-r)
24220	jernbaneverket (gsm-r)
310910	verizon wireless
29001	tele greenland
29002	inu:it a/s
312090	allied wireless communications corporation
71030	movistar
27431	iceland telecom
310760	panhandle telephone cooperative inc.
27422	landhelgisgæslan (icelandic coast guard)
28413	max telecom ltd
40570	idea
405913	etisalat db(cheers)
365010	digicell / wireless vent. ltd
31034	nevada wireless llc
405834	videocon datacom
20896	axione
312540	broadband in hand llc
302860	telus mobility
352110	cable & wireless
28208	jsc silknet
310490	triton pcs
55101	marshall islands national telecommunications authority (minta)
302880	shared telus, bell, and sasktel
338020	cable & wireless
40405	fascel
40404	idea cellular ltd.
40407	idea cellular ltd.
35099	cellone ltd
40401	aircel digilink india
23199	zeleznice slovenskej republiky (zsr)
40403	airtel
40402	airtel
40409	reliance telecom private
24407	nokia solutions and networks oy
24406	elisa oyj
24405	elisa/saunalahti
24404	dna/finnet
24403	dna/finnet
311700	midwest network solutions hub llc
310040	matanuska tel. assn. inc.
24409	nokia oyj
24408	nokia solutions and networks oy
28209	gmobile ltd
28203	iberiatel ltd.
28205	silknet
28204	mobitel/beeline
28207	globalcell ltd
28206	jsc compatel
28201	geocell ltd.
338110	cable & wireless
28202	magti gsm ltd.
