28967	Aquafon	Aquafon JSC
28988	A-Mobile	A-Mobile LLSC
41201	AWCC	Afghan Wireless Communication Company
41220	Roshan	Telecom Development Company Afghanistan Ltd.
41240	MTN	MTN Group Afghanistan
41250	Etisalat	Etisalat Afghanistan
41255	WASEL	WASEL Afghanistan
41280	Salaam	Afghan Telecom
41288	Salaam	Afghan Telecom
27601	Telekom.al	Telekom Albania
27602	Vodafone	Vodafone Albania
27603	Eagle Mobile	Albtelecom
27604	Plus Communication	Plus Communication
60301	Mobilis	Algérie Télécom
60302	Djezzy	Optimum Telecom Algérie Spa
60303	Ooredoo	Wataniya Telecom Algérie
60307	AT	Algérie Télécom
60309	AT	Algérie Télécom
60321	ANESRIF	Anesrif
54411	Bluesky	Bluesky
21303	Mobiland	Servei De Tele. DAndorra
63102	UNITEL	UNITEL S.a.r.l.
63104	MOVICEL	MOVICEL Telecommunications S.A.
365010		Weblinks Limited
365840	FLOW	Cable & Wireless
344030	APUA	Antigua Public Utilities Authority
344050	Digicel	Antigua Wireless Ventures Limited
344920	FLOW	Cable & Wireless Caribbean Cellular (Antigua) Limited
344930		AT&T Wireless
722010	Movistar	Telefónica Móviles Argentina S.A.
722020	Nextel	NII Holdings
722034	Personal	Telecom Personal S.A.
722040	Globalstar	TE.SA.M Argentina S.A.
722070	Movistar	Telefónica Móviles Argentina S.A.
722310	Claro	AMX Argentina S.A.
722320	Claro	AMX Argentina S.A.
722330	Claro	AMX Argentina S.A.
722341	Personal	Telecom Personal S.A.
722350	PORT-HABLE	Hutchison Telecommunications Argentina S.A.
28301	Beeline	ArmenTel
28304	Karabakh Telecom	Karabakh Telecom
28305	VivaCell-MTS	K Telecom CJSC
28310	Ucom	Ucom LLC
36301	SETAR	Servicio di Telecomunicacion di Aruba
36302	Digicel	Digicel Aruba
50501	Telstra	Telstra Corporation Limited
50502	Optus	Singtel Optus Proprietary Limited
50503	Vodafone	Vodafone Hutchison Australia Proprietary Limited
50504		Department of Defence
50505	Ozitel	
50506	3	Vodafone Hutchison Australia Proprietary Limited
50507	Vodafone	Vodafone Network Pty. Ltd.
50508	One.Tel	One.Tel Limited
50509	Airnet	
50510	Norfolk Is.	Norfolk Telecom
50511	Telstra	Telstra Corporation Ltd.
50512	3	Vodafone Hutchison Australia Proprietary Limited
50513	RailCorp	Railcorp, Transport for New South Wales
50514	AAPT	TPG Telecom
50515	3GIS	
50516	VicTrack	Victorian Rail Track
50517		Optus
50518	Pactel	Pactel International Pty Ltd
50519	Lycamobile	Lycamobile Pty Ltd
50520		Ausgrid Corporation
50521		Queensland Rail Limited
50522		iiNet Ltd
50523		Challenge Networks Pty. Ltd.
50524		Advanced Communications Technologies Pty. Ltd.
50525		Pilbara Iron Company Services Pty Ltd
50526		Dialogue Communications Pty. Ltd.
50527		Nexium Telecommunications
50528		RCOM International Pty Ltd
50530		Compatel Limited
50531		BHP Billiton
50532		Thales Australia
50533		CLX Networks Pty Ltd
50534		Santos Limited
50535		MessageBird Pty Ltd
50536	Optus	Optus Mobile Pty. Ltd.
50537		Yancoal Australia Ltd
50538	Truphone	Truphone Pty Ltd
50539	Telstra	Telstra Corporation Ltd.
50540		CITIC Pacific Mining
50541		Aqura Technologies Pty
50542	GEMCO	Groote Eylandt Mining Company Pty Ltd
50543		Arrow Energy Pty Ltd
50544		Roy Hill Iron Ore Pty Ltd
50550		Pivotel Group Pty Limited
50561	CommTel NS	Commtel Network Solutions Pty Ltd
50562	NBN	National Broadband Network Co.
50568	NBN	National Broadband Network Co.
50571	Telstra	Telstra Corporation Limited
50572	Telstra	Telstra Corporation Limited
50588		Pivotel Group Pty Limited
50590	Optus	Singtel Optus Proprietary Limited
50599	One.Tel	One.Tel
23201	A1.net	A1 Telekom Austria
23202		A1 Telekom Austria
23203	T-Mobile AT	T-Mobile Austria
23204	T-Mobile AT	T-Mobile Austria Gmbh
23205	3	Hutchison Drei Austria
23206	Orange AT	Orange Austria GmbH
23207	tele.ring	T-Mobile Austria
23208	Lycamobile	Lycamobile Austria
23209	Tele2Mobil	A1 Telekom Austria
23210	3	Hutchison Drei Austria
23211	bob	A1 Telekom Austria
23212	yesss!	A1 Telekom Austria
23213	upc	UPC Austria
23214		Hutchison Drei Austria
23215	Vectone Mobile	Mundio Mobile Austria
23216		Hutchison Drei Austria
23217		MASS Response Service GmbH
23218		smartspace GmbH
23219		Tele2 Telecommunication GmbH
23220	m:tel	MTEL Austrija GmbH
23221		Salzburg AG für Energie, Verkehr und Telekommunikation
23222		Plintron Austria Limited
23223		T-Mobile Austria GmbH
23291	GSM-R A	ÖBB
23292	ArgoNET	ArgoNET GmbH
40001	Azercell	
40002	Bakcell	
40003	FONEX	CATEL
40004	Nar Mobile	Azerfon
40005		Special State Protection Service of the Republic of Azerbaijan
40006	Naxtel	Nakhtel LLC
36439	BTC	The Bahamas Telecommunications Company Ltd (BaTelCo)
36449	Aliv	Cable Bahamas Ltd
42601	Batelco	Bahrain Telecommunications Company
42602	zain BH	Zain Bahrain
42603		Civil Aviation Authority
42604	VIVA Bahrain	Viva Bahrain
42605	Batelco	Bahrain Telecommunications Company
47001	Grameenphone	Grameenphone Ltd.
47002	Robi	Axiata Bangladesh Ltd.
47003	Banglalink	Banglalink Digital Communications Ltd.
47004	TeleTalk	Teletalk Bangladesh Limited
47005	Citycell	Pacific Bangladesh Telecom Limited
47007	Airtel	Bharti Airtel Bangladesh Ltd.
47009	ollo	Bangladesh Internet Exchange Limited (BIEL)
47010	Banglalion	Banglalion Communications Ltd.
342600	FLOW	LIME (formerly known as Cable & Wireless)
342750	Digicel	Digicel (Barbados) Limited
342800	Ozone	Ozone Wireless Inc.
342820		Sunbeach Communications
25701	velcom	
25702	MTS	Mobile TeleSystems
25703	DIALLOG	BelCel
25704	life:)	Belarusian Telecommunications Network
25705	byfly	Beltelecom
25706	beCloud	Belorussian Cloud Technologies
20600	Proximus	Belgacom Mobile
20601	Proximus	Belgacom Mobile
20602		Infrabel
20605	Telenet	Telenet
20606	Lycamobile	Lycamobile sprl
20607	Vectone Mobile	Mundio Mobile Belgium nv
20608		Nethys
20609	Voxbone	Voxbone mobile
20610	Orange	Orange S.A.
20615		Elephant Talk Communications Schweiz GmbH
20616		NextGen Mobile Ltd.
20620	Base	Telenet
20625		Voyacom SPRL
20628		BICS
20630		Unleashed NV
20633		Ericsson NV
20640	JOIN	JOIN Experience (Belgium)
20650		IP Nexia
70267	DigiCell	Belize Telemedia Limited (BTL)
70268	INTELCO	International Telecommunications Ltd.
70269	SMART	Speednet Communications Limited
70299	SMART	Speednet Communications Limited
61601	Libercom	Benin Telecoms Mobile
61602	Moov	Telecel Benin
61603	MTN	Spacetel Benin
61604	BBCOM	Bell Benin Communications
61605	Glo	Glo Communication Benin
31059	Cellular One	
338050	Digicel Bermuda	
350000	CellOne	Bermuda Digital Communications Ltd.
35001	Digicel Bermuda	Telecommunications (Bermuda & West Indies) Ltd
35002	Mobility	M3 Wireless
35005		Telecom Networks
35011		Deltronics
40211	B-Mobile	B-Mobile / Bhutan Telecom Ltd.
40277	TashiCell	Tashi InfoComm Limited
73601	Viva	Nuevatel PCS De Bolivia SA
73602	Entel	Entel SA
73603	Tigo	Telefónica Celular De Bolivia S.A
21803	HT-ERONET	Public Enterprise Croatian Telecom Ltd.
21805	m:tel BiH	RS Telecommunications JSC Banja Luka
21890	BH Mobile	BH Telecom
65201	Mascom	Mascom Wireless (Pty) Limited
65202	Orange	Orange (Botswana) Pty Limited
65204	BTC Mobile	Botswana Telecommunications Corporation
72400	Nextel	NII Holdings, Inc.
72401		SISTEER DO BRASIL TELECOMUNICAÇÔES
72402	TIM	Telecom Italia Mobile
72403	TIM	Telecom Italia Mobile
72404	TIM	Telecom Italia Mobile
72405	Claro	Claro
72406	Vivo	Vivo S.A.
72410	Vivo	Vivo S.A.
72411	Vivo	Vivo S.A.
72415	Sercomtel	Sercomtel Celular
72416	Brasil Telecom GSM	Brasil Telecom GSM
72417	Correios	Correios Celular
72418	datora	Datora (Vodafone)
72423	Vivo	Vivo S.A.
72424		Amazonia Celular
72430	Oi	TNL PCS Oi
72431	Oi	TNL PCS Oi
72432	Algar Telecom	Algar Telecom S.A.
72433	Algar Telecom	Algar Telecom S.A.
72434	Algar Telecom	Algar Telecom S.A.
72435		Telcom Telecomunicações
72436		Options Telecomunicações
72437	aeiou	Unicel
72438	Claro	Claro
72439	Nextel	NII Holdings, Inc.
72454	Conecta	PORTO SEGURO TELECOMUNICAÇÔES
72499	Local	Used for RanSharing control and roaming between TIM and Oi
99501	FonePlus	Sure (Diego Garcia) Ltd
348170	FLOW	Cable & Wireless
348370		BVI Cable TV Ltd
348570	CCT Boatphone	Caribbean Cellular Telephone
348770	Digicel	Digicel (BVI) Limited
52801		Jabatan Telekom Brunei
52802	B-Mobile	B-Mobile Communications Sdn Bhd
52811	DSTCom	Data Stream Technology
28401	A1	A1 Bulgaria
28403	Vivacom	BTC
28405	Telenor	Telenor (Bulgaria)
28407	НКЖИ	НАЦИОНАЛНА КОМПАНИЯ ЖЕЛЕЗОПЪТНА ИНФРАСТРУКТУРА
28409		COMPATEL LIMITED
28411		Bulsatcom
28413	MAX	Max Telecom LTD
61301	Telmob	Onatel
61302	Orange	Orange Burkina Faso
61303	Telecel Faso	Telecel Faso SA
64201	econet Leo	Econet Wireless Burundi PLC
64202	Tempo	VTEL MEA
64203	Onatel	Onatel
64207	Smart Mobile	LACELL SU
64208	Lumitel	Viettel Burundi
64282	econet Leo	Econet Wireless Burundi PLC
45601	Cellcard	CamGSM / The Royal Group
45602	Smart	Smart Axiata Co. Ltd
45603	qb	Cambodia Advance Communications Co. Ltd
45604	qb	Cambodia Advance Communications Co. Ltd
45605	Smart	Smart Axiata Co. Ltd
45606	Smart	Smart Axiata Co. Ltd
45608	Metfone	Viettel
45609	Metfone	Viettel
45611	SEATEL	SEATEL Cambodia
45618	Cellcard	The Royal Group
62401	MTN Cameroon	Mobile Telephone Network Cameroon Ltd
62402	Orange	Orange Cameroun S.A.
62404	Nexttel	Viettel Cameroun
302130	Xplornet	Xplornet Communications
302131	Xplornet	Xplornet Communications
302220	Telus Mobility, Koodo Mobile, Public Mobile	Telus Mobility
302221	Telus	Telus Mobility
302222	Telus	Telus Mobility
302250	ALO	ALO Mobile Inc.
302270	EastLink	Bragg Communications
302290	Airtel Wireless	Airtel Wireless
302300		ECOTEL Inc.
302320	Rogers Wireless	Rogers Communications
302340	Execulink	Execulink
302350	FIRST	FIRST Networks Operations
302360	MiKe	Telus Mobility
302361	Telus	Telus Mobility
302370	Fido	Fido Solutions (Rogers Wireless)
302380	Keewaytinook Mobile	Keewaytinook Okimakanak Mobile
302390	DMTS	Dryden Mobility
302420	ABC	A.B.C. Allen Business Communications Ltd.
302480	SSi Connexions	SSi Connexions
302490	Freedom Mobile	Shaw Communications
302491	Freedom Mobile	Shaw Communications
302500	Videotron	Videotron
302510	Videotron	Videotron
302520	Videotron	Videotron
302530	Keewaytinook Mobile	Keewaytinook Okimakanak Mobile
302540		Rovvr Communications Inc.
302560	Lynx Mobility	Lynx Mobility
302570	LightSquared	LightSquared
302590	Quadro Mobility	Quadro Communications Co-op
302610	Bell Mobility, Virgin Mobile Canada	Bell Mobility
302620	ICE Wireless	ICE Wireless
302630	Aliant Mobility	Bell Aliant
302640	Bell	Bell Mobility
302650	TBaytel	Thunder Bay Telephone
302652		BC Tel Mobility (Telus)
302653	Telus	Telus Mobility
302655	MTS	MTS Mobility
302656	TBay	Thunder Bay Telephone Mobility
302657	Telus	Telus Mobility
302660	MTS	Bell MTS
302670	CityTel Mobility	CityWest
302680	SaskTel	SaskTel Mobility
302690	Bell	Bell Mobility
302701		MB Tel Mobility
302702		MT&T Mobility (Aliant)
302703		New Tel Mobility (Aliant)
302710	Globalstar	
302720	Rogers Wireless	Rogers Communications
302730	TerreStar Solutions	TerreStar Networks
302740	Shaw Telecom	Shaw Communications
302750	SaskTel	SaskTel Mobility
302760	Public Mobile	Telus Mobility
302770	TNW Wireless	TNW Wireless Inc.
302780	SaskTel	SaskTel Mobility
302790		NetSet Communications
302820	Rogers Wireless	Rogers Communications
302860	Telus	Telus Mobility
302880	Bell / Telus / SaskTel	Shared Telus, Bell, and SaskTel
302920	Rogers Wireless	Rogers Communications
302940	Wightman Mobility	Wightman Telecom
302990		
62501	CVMOVEL	CVMóvel, S.A.
62502	T+	UNITEL T+ TELECOMUNICACÕES, S.A.
346140	FLOW	Cable & Wireless (Cayman Islands) Limited
346050	Digicel	Digicel Cayman Ltd.
62301	CTP	Centrafrique Telecom Plus
62302	TC	Telecel Centrafrique
62303	Orange	Orange RCA
62304	Nationlink	Nationlink Telecom RCA
62201	Airtel	Bharti Airtel SA
62202	Tawali	SotelTchad
62203	Tigo	Millicom
62207	Salam	SotelTchad
73001	entel	Entel Telefonía Móvil S.A.
73002	movistar	Telefónica Móvil de Chile
73003	CLARO CL	Claro Chile S.A.
73004	WOM	Novator Partners
73005		Multikom S.A.
73006	Telsur	Blue Two Chile S.A.
73007	movistar	Telefónica Móvil de Chile
73008	VTR Móvil	VTR S.A.
73009	WOM	Novator Partners
73010	entel	Entel Telefonía Móvil S.A.
73011		Celupago S.A.
73012	Colo-Colo Móvil Wanderers Móvil	Telestar Móvil S.A.
73013	Virgin Mobile	Tribe Mobile Chile SPA
73014		Netline Telefónica Móvil Ltda
73015		Cibeles Telecom S.A.
73016		Nomade Telecomunicaciones S.A.
73017		COMPATEL Chile Limitada
73018		Empresas Bunker S.A.
73019	móvil Falabella	Sociedad Falabella Móvil SPA
73020		Inversiones Santa Fe Limitada
73022		Cellplus SpA
73023		Claro Servicios Empresariales S. A.
73099	Will	WILL Telefonía
46000	China Mobile	China Mobile
46001	China Unicom	China Unicom
46002	China Mobile	China Mobile
46003	China Telecom	China Telecom
46004		Global Star Satellite
46005	China Telecom	China Telecom
46006	China Unicom	China Unicom
46007	China Mobile	China Mobile
46008	China Mobile	China Mobile
46009	China Unicom	China Unicom
46011	China Telecom	China Telecom
46020	China Tietong	China Tietong
		
		
732001	movistar	Colombia Telecomunicaciones S.A. ESP
732002	Edatel	Edatel S.A. ESP
732003		LLEIDA S.A.S.
732004		COMPATEL COLOMBIA SAS
732020	Tigo	Une EPM Telecomunicaciones S.A. E.S.P.
732099	EMCALI	Empresas Municipales de Cali
732101	Claro	COMCEL S.A.
732102		Bellsouth Colombia
732103	Tigo	Colombia Móvil S.A. ESP
732111	Tigo	Colombia Móvil S.A. ESP
732123	movistar	Colombia Telecomunicaciones S.A. ESP
732130	AVANTEL	Avantel S.A.S
732142		Une EPM Telecomunicaciones S.A. E.S.P.
732154	Virgin Mobile	Virgin Mobile Colombia S.A.S.
732165		Colombia Móvil S.A. ESP
732176		DirecTV Colombia Ltda
732187	eTb	Empresa de Telecomunicaciones de Bogotá S.A. ESP
732199		SUMA Movil SAS
732208		UFF Movil SAS
65401	HURI	Comoros Telecom
65402	TELCO SA	Telecom Malagasy (Telma)
62901	Airtel	Celtel Congo
62907		Warid Telecom
62910	Libertis Telecom	MTN CONGO S.A
54801	Bluesky	Telecom Cook Islands
71201	Kolbi ICE	Instituto Costarricense de Electricidad
71202	Kolbi ICE	Instituto Costarricense de Electricidad
71203	Claro	Claro CR Telecomunicaciones (Aló)
71204	movistar	Telefónica Móviles Costa Rica
71220	fullmóvil	Virtualis S.A.
21901	T-Mobile	T-Hrvatski Telekom
21902	Tele2	Tele2
21910	Vip	Vipnet
21912		TELE FOCUS d.o.o.
36801	CUBACEL	Empresa de Telecomunicaciones de Cuba, SA
28001	Cytamobile-Vodafone	Cyprus Telecommunications Authority
28010	MTN	MTN Group
28020	PrimeTel	PrimeTel PLC
28022	lemontel	Lemontel Ltd
28023	Vectone Mobile	Mundio Mobile Cyprus Ltd.
23001	T-Mobile	T-Mobile Czech Republic
23002	O2	O2 Czech Republic
23003	Vodafone	Vodafone Czech Republic
23004		Nordic Telecom s.r.o.
23005		PODA a.s.
23006		OSNO TELECOMUNICATION, s.r.o.
23007		ASTELNET, s.r.o.
23008		Compatel s.r.o.
23009	Vectone Mobile	Mundio Distribution Czech Republic s.r.o.
23098		Správa železniční dopravní cesty, s.o.
23099	Vodafone	Vodafone Czech Republic
63001	Vodacom	Vodacom Congo RDC sprl
63002	Airtel	Airtel sprl
63004		Cellco
63005	Supercell	Supercell SPRL
63010	MTN	
63086	Orange S.A.	Orange RDC sarl
63088	YTT	Yozma Timeturns sprl
63089	Tigo	OASIS sprl
63090	Africell	Africell RDC sprl
23801	TDC	TDC A/S
23802	Telenor	Telenor Denmark
23803		Syniverse Technologies
23804		NextGen Mobile Ltd T/A CardBoardFish
23805	TetraNet	Dansk Beredskabskommunikation A/S
23806	3	Hi3G Denmark ApS
23807	Vectone Mobile	Mundio Mobile (Denmark) Limited
23808	Voxbone	Voxbone mobile
23809	SINE	Dansk Beredskabskommunikation A/S
23810	TDC	TDC A/S
23811	SINE	Dansk Beredskabskommunikation A/S
23812	Lycamobile	Lycamobile Denmark Ltd
23813		Compatel Limited
23814		Monty UK Global Limited
23815		Ice Danmark ApS
23816		Tismi B.V.
23817		Naka AG
23818		Cubic Telecom
23820	Telia	Telia
23823	GSM-R DK	Banedanmark
23825	Viahub	SMS Provider Corp.
23828		LINK Mobile A/S
23830		Interactive digital media GmbH
23840		Ericsson Danmark A/S
23842		Greenwave Mobile IoT ApS
23843		MobiWeb Limited
23866		TT-Netværket P/S
23873		Onomondo ApS
23877	Telenor	Telenor Denmark
63801	Evatis	Djibouti Telecom SA
366020	Digicel	Digicel Group Limited
366110	FLOW	Cable & Wireless
37001	Altice	Altice Group
37002	Claro	Compañía Dominicana de Teléfonos
37003	Altice	Altice Group
37004	Viva	Trilogy Dominicana, S.A.
37005	Wind	WIND Telecom, S.A
51401	Telkomcel	PT Telekomunikasi Indonesia International
51402	TT	Timor Telecom
51403	Telemor	Viettel Timor-Leste
74000	Movistar	Otecel S.A.
74001	Claro	CONECEL S.A.
74002	CNT Mobile	Corporación Nacional de Telecomunicaciones (CNT EP)
74003	Tuenti	Otecel S.A.
60201	Orange	Orange Egypt
60202	Vodafone	Vodafone Egypt
60203	Etisalat	Etisalat Egypt
60204	WE	Telecom Egypt
70601	Claro	CTE Telecom Personal, S.A. de C.V.
70602	digicel	Digicel, S.A. de C.V.
70603	Tigo	Telemovil El Salvador S.A.
70604	movistar	Telefónica Móviles El Salvador
70605	RED	INTELFON, S.A. de C.V.
62701	Orange GQ	GETESA
62703	Hits GQ	HiTs EG.SA
65701	Eritel	Eritrea Telecommunications Services Corporation
24801	Telia	Estonian Mobile Telecom
24802	Elisa	Elisa Eesti
24803	Tele2	Tele2 Eesti
24804	Top Connect	OY Top Connect
24805		AS Bravocom Mobiil
24806		Progroup Holding
24807	Kou	Televõrgu AS
24808	VIVEX	VIVEX OU
24809		Bravo Telecom
24810		Telcotrade OÜ
24811		UAB Raystorm Eesti filiaal
24871		Siseministeerium (Ministry of Interior)
63601	MTN	Ethio Telecom
750001	Sure	Sure South Atlantic Ltd.
28801	Faroese Telecom	Faroese Telecom
28802	Hey	Vodafone Faroe Islands
28803		Edge Mobile Sp/F
54201	Vodafone	Vodafone Fiji
54202	Digicel	Digicel Fiji
54203		Telecom Fiji Ltd
24403	DNA	DNA Oy
24404	DNA	DNA Oy
24405	Elisa	Elisa Oyj
24406	Elisa	Elisa Oyj
24407	Nokia	Nokia Solutions and Networks Oy
24408	Nokia	Nokia Solutions and Networks Oy
24409		Nokia Solutions and Networks Oy
24410		Viestintävirasto
24411		Viestintävirasto
24412	DNA	DNA Oy
24413	DNA	DNA Oy
24414	Ålcom	Ålands Telekommunikation Ab
24415	SAMK	Satakunnan ammattikorkeakoulu Oy
24416	Tele2	Oy Finland Tele2 AB
24417		Liikennevirasto
24421	Elisa- Saunalahti	Elisa Oyj
24422		EXFO Oy
24423		EXFO Oy
24424		TTY-säätiö
24425	Datame	Datame Oy
24426	Compatel	Compatel Ltd
24427		Teknologian tutkimuskeskus VTT Oy
24428		Teknologian tutkimuskeskus VTT Oy
24429		SCNL Truphone
24430	Vectone Mobile	Mundio Mobile Oy
24431	Kuiri	Ukko Mobile Oy
24432	Voxbone	Voxbone SA
24433	VIRVE	Virve Tuotteet ja Palvelut Oy
24434	Bittium Wireless	Bittium Wireless Oy
24435	Ukko Mobile	Ukkoverkot Oy
24436	Sonera / DNA	TeliaSonera Finland Oyj / Suomen Yhteisverkko Oy
24437	Tismi	Tismi BV
24438		Nokia Solutions and Networks Oy
24439		Nokia Solutions and Networks Oy
24440		Nokia Solutions and Networks Oy
24441		Nokia Solutions and Networks Oy
24442		SMS Provider Corp.
24443		Telavox AB / Telavox Oy
24444		Turun ammattikorkeakoulu Oy
24491	Sonera	TeliaSonera Finland Oyj
24492	Sonera	TeliaSonera Finland Oyj
20801	Orange	Orange S.A.
20802	Orange	Orange S.A.
20803	MobiquiThings	MobiquiThings
20804	Sisteer	Societe d'ingenierie systeme telecom et reseaux
20805		Globalstar Europe
20806		Globalstar Europe
20807		Globalstar Europe
20808	SFR	Altice
20809	SFR	Altice
20810	SFR	Altice
20811	SFR	Altice
20812		Hewlett-Packard France
20813	SFR	Altice
20814	SNCF Réseau	SNCF Réseau
20815	Free Mobile	Iliad
20816	Free Mobile	Iliad
20817	LEGOS	Local Exchange Global Operation Services
20818	Voxbone	Voxbone mobile
20819		Altitude Infrastructure
20820	Bouygues	Bouygues Telecom
20821	Bouygues	Bouygues Telecom
20822	Transatel Mobile	Transatel
20823		Omea Telecom
20824	MobiquiThings	MobiquiThings
20825	LycaMobile	LycaMobile
20826	NRJ Mobile	Euro-Information Telecom SAS
20827		Coriolis Telecom
20828		Airbus Defence and Space SAS
20829		Cubic Telecom France
20830		Syma Mobile
20831	Vectone Mobile	Mundio Mobile
20832	Orange	Orange S.A.
20886		Nomotech
20887	RATP	Régie autonome des transports parisiens
20888	Bouygues	Bouygues Telecom
20889		Fondation b-com
20890		Images & Réseaux
20891		Orange S.A.
20892	Com4Innov	Association Plate-forme Télécom
20893		Thales Communications & Security SAS
20894		Halys
20895		Orange S.A.
20896		Axione
20897		Thales Communications & Security SAS
20898		Société Air France
34001	Orange	Orange Caraïbe Mobiles
34002	SFR Caraïbe	Outremer Telecom
34003	Chippie	UTS Caraïbe
34008	Dauphin	Dauphin Telecom
34009	Free	Free Mobile
34010		Guadeloupe Téléphone Mobile
34011		Guyane Téléphone Mobile
34012		Martinique Téléphone Mobile
34020	Digicel	DIGICEL Antilles Française Guyane
64700	Orange	Orange La Réunion
64701		BJT Partners
64702	Free	Telco OI
64703	Free	Telco OI
64704	4G Réunion	Zeop mobile
64710	SFR Réunion	Société Réunionnaise du Radiotéléphone
54705	Ora	VITI
54710		Mara Telecom
54715	Vodafone	Pacific Mobile Telecom
54720	Vini	Tikiphone SA
		
62801	Libertis	Gabon Telecom & Libertis S.A.
62802	Moov	Atlantique Télécom (Etisalat Group) Gabon S.A.
62803	Airtel	Airtel Gabon S.A.
62804	Azur	USAN Gabon S.A.
62805	RAG	Réseau de l’Administration Gabonaise
60701	Gamcel	Gamcel
60702	Africell	Africell
60703	Comium	Comium
60704	QCell	QCell Gambia
60705		GAMTEL-Ecowan
60706		NETPAGE
28201	Geocell	Geocell Limited
28202	MagtiCom	Magticom GSM
28203	MagtiCom	Magtifix
28204	Beeline	Mobitel LLC
28205	Silknet	JSC Silknet
28206		JSC Compatel
28207	GlobalCell	GlobalCell Ltd
28208	Silk LTE	JSC Silknet
28209		Gmobile Ltd
28210		Premium Net International SRL Ltd
26201	Telekom	Telekom Deutschland GmbH
26202	Vodafone	Vodafone D2 GmbH
26203	O2	Telefónica Germany GmbH & Co. oHG
26204	Vodafone	Vodafone D2 GmbH
26205	O2	Telefónica Germany GmbH & Co. oHG
26206	Telekom	Telekom Deutschland GmbH
26207	O2	Telefónica Germany GmbH & Co. oHG
26208	O2	Telefónica Germany GmbH & Co. oHG
26209	Vodafone	Vodafone D2 GmbH
26210		DB Netz AG
26211	O2	Telefónica Germany GmbH & Co. oHG
26212	Dolphin Telecom	sipgate GmbH
26213		Mobilcom Multimedia
26214		Group 3G UMTS
26215	Airdata	
26216		Telogic Germany GmbH
26217	O2	Telefónica Germany GmbH & Co. oHG
26218		NetCologne
26219		Inquam Deutschland
26220	Voiceworks	Voiceworks GmbH
26221		Multiconnect GmbH
26222		sipgate Wireless GmbH
26223		Drillisch Online AG
26233	simquadrat	sipgate GmbH
26241		First Telecom GmbH
26242	CCC Event	Chaos Computer Club
26243	Lycamobile	Lycamobile
26260		DB Telematik
26272		Ericsson GmbH
26273		Xantaro Deutschland GmbH
26274		Qualcomm CDMA Technologies GmbH
26275		Core Network Dynamics GmbH
26276		Siemens AG
26277	O2	Telefónica Germany GmbH & Co. oHG
26278	Telekom	Telekom Deutschland GmbH
26279		ng4T GmbH
26292		Nash Technologies
62001	MTN	MTN Group
62002	Vodafone	Vodafone Group
62003	AirtelTigo	Millicom Ghana
62004	Expresso	Kasapa / Hutchison Telecom
62006	AirtelTigo	Airtel
62007	Globacom	Globacom Group
62008	Surfline	Surfline Communications Ltd
62010	Blu	Blu Telecommunications
62011		Netafrique Dot Com Ltd
26601	GibTel	Gibtelecom
26606	CTS Mobile	CTS Gibraltar
26609	Shine	Eazitelecom
20201	Cosmote	COSMOTE - Mobile Telecommunications S.A.
20202	Cosmote	COSMOTE - Mobile Telecommunications S.A.
20203		OTE
20204		OSE
20205	Vodafone	Vodafone Greece
20206		Cosmoline
20207		AMD Telecom
20209	Wind	Wind Hellas Telecommunications S.A.
20210	Wind	Wind Hellas Telecommunications S.A.
20211		interConnect
20212		Yuboto
20213		Compatel Limited
20214	Cyta Hellas	CYTA
20215		BWS
20216		Inter Telecom
29001		TELE Greenland A/S
29002	Nuuk TV	inu:it a/s
352030	Digicel	Digicel Grenada Ltd.
352110	FLOW	Cable & Wireless Grenada Ltd.
310032	IT&E Wireless	IT&E Overseas, Inc
310033		Guam Telephone Authority
310140	GTA Wireless	Teleguam Holdings, LLC
310370	Docomo	NTT Docomo Pacific
310400	iConnect	Wave Runner LLC
310480	iConnect	Wave Runner LLC
311120	iConnect	Wave Runner LLC
311250	iConnect	Wave Runner LLC
70401	Claro	Telecomunicaciones de Guatemala, S.A.
70402	Tigo	Millicom / Local partners
70403	movistar	Telefónica Móviles Guatemala (Telefónica)
704?	digicel	Digicel Group
704?	RED/INTELFON	INTELFON Guatemala
23403	Airtel-Vodafone	Guernsey Airtel Ltd
23450	JT	JT Group Limited
23455	Sure Mobile	Sure (Guernsey) Limited
61101	Orange	Orange S.A.
61102	Sotelgui	Sotelgui Lagui
61103	Telecel Guinee	INTERCEL Guinée
61104	MTN	Areeba Guinea
61105	Cellcom	Cellcom
63201	Guinetel	Guinétel S.A.
63202	MTN Areeba	Spacetel Guiné-Bissau S.A.
63203	Orange	
63207	Guinetel	Guinétel S.A.
73801	Digicel	U-Mobile (Cellular) Inc.
738002	GT&T Cellink Plus	Guyana Telephone & Telegraph Co.
738003		Quark Communications Inc.
73805		eGovernment Unit, Ministry of the Presidency
37201	Voila	Communication Cellulaire d'Haiti S.A.
37202	Digicel	Unigestion Holding S.A.
37203	Natcom	NATCOM S.A.
708001	Claro	Servicios de Comunicaciones de Honduras S.A. de C.V.
708002	Tigo	Celtel
708030	Hondutel	Empresa Hondureña de Telecomunicaciones
708040	Digicel	Digicel de Honduras
45400	1O1O / One2Free / New World Mobility / SUNMobile	CSL Limited
45401		CITIC Telecom 1616
45402		CSL Limited
45403	3	Hutchison Telecom
45404	3 (2G)	Hutchison Telecom
45405	3 (CDMA)	Hutchison Telecom
45406	SmarTone	SmarTone Mobile Communications Limited
45407	China Unicom	China Unicom (Hong Kong) Limited
45408	Truphone	Truphone Limited
45409		China Motion Telecom
45410	New World Mobility	CSL Limited
45411		China-Hong Kong Telecom
45412	CMCC HK	China Mobile Hong Kong Company Limited
45413	CMCC HK	China Mobile Hong Kong Company Limited
45414		Hutchison Telecom
45415		SmarTone Mobile Communications Limited
45416	PCCW Mobile (2G)	PCCW
45417		SmarTone Mobile Communications Limited
45418		CSL Limited
45419	PCCW Mobile (3G)	PCCW-HKT
45420	PCCW Mobile (4G)	PCCW-HKT
45421		21Vianet Mobile Ltd.
45422		263 Mobile Communications (HongKong) Limited
45423	Lycamobile	Lycamobile Hong Kong Ltd
45424		Multibyte Info Technology Ltd
45425		Hong Kong Government
45426		Hong Kong Government
45429	PCCW Mobile (CDMA)	PCCW-HKT
45430		China Data Enterprises Ltd
45431	CTExcel	China Telecom Global Limited
45432		Hong Kong Broadband Network Ltd
45435		Webbing Hong Kong Ltd
21601	Telenor Hungary	Telenor Magyarország Zrt.
21602		MVM Net Ltd.
21603	DIGI	DIGI Telecommunication Ltd.
21604		Invitech Solutions
21630	T-Mobile	Magyar Telekom Plc
21670	Vodafone	Vodafone Magyarország Zrt.
21671	upc	UPC Hungary Ltd.
21699	MAV GSM-R	Magyar Államvasutak
27401	Síminn	Iceland Telecom
27402	Vodafone	Og fjarskipti hf
27403	Vodafone	Og fjarskipti hf
27404	Viking	IMC Island ehf
27405		Halló Frjáls fjarskipti hf.
27406		Núll níu ehf
27407	IceCell	IceCell ehf
27408	On-waves	Iceland Telecom
27411	Nova	Nova ehf
27412	Tal	IP fjarskipti
27416		Tismi BV
27422		Landhelgisgæslan (Icelandic Coast Guard)
27431	Síminn	Iceland Telecom
40401	Vodafone India	Haryana
40402	AirTel	Punjab
40403	AirTel	Himachal Pradesh
40404	IDEA	Delhi & NCR
40405	Vodafone India	Gujarat
40407	IDEA	Andhra Pradesh and Telangana
40409	Reliance	Assam
40410	AirTel	Delhi & NCR
40411	Vodafone India	Delhi & NCR
40412	IDEA	Haryana
40413	Vodafone India	Andhra Pradesh and Telangana
40414	IDEA	Punjab
40415	Vodafone India	Uttar Pradesh (East)
40416	Airtel	North East
40417	AIRCEL	West Bengal
40418	Reliance	Himachal Pradesh
40419	IDEA	Kerala
40420	Vodafone India	Mumbai
40421	Loop Mobile	Mumbai
40422	IDEA	Maharashtra & Goa
40424	IDEA	Gujarat
40425	AIRCEL	Bihar
40427	Vodafone India	Maharashtra & Goa
40428	AIRCEL	Orissa
40429	AIRCEL	Assam
40430	Vodafone India	Kolkata
40431	AirTel	Kolkata
40434	cellone	Haryana
40435	Aircel	Himachal Pradesh
40436	Reliance	Bihar & Jharkhand
40437	Aircel	Jammu & Kashmir
40438	cellone	Assam
40440	AirTel	Chennai
40441	Aircel	Chennai
40442	Aircel	Tamil Nadu
40443	Vodafone India	Tamil Nadu
40444	IDEA	Karnataka
40445	Airtel	Karnataka
40446	Vodafone India	Kerala
40448	Dishnet Wireless	Unknown
40449	Airtel	Andhra Pradesh and Telangana
40450	Reliance	North East
40451	cellone	Himachal Pradesh
40452	Reliance	Orissa
40453	cellone	Punjab
40454	cellone	Uttar Pradesh (West)
40455	cellone	Uttar Pradesh (East)
40456	IDEA	Uttar Pradesh (West)
40457	cellone	Gujarat
40458	cellone	Madhya Pradesh & Chhattisgarh
40459	cellone	Rajasthan
40460	Vodafone India	Rajasthan
40462	cellone	Jammu & Kashmir
40464	cellone	Chennai
40466	cellone	Maharashtra & Goa
40467	Reliance	Madhya Pradesh & Chhattisgarh
40468	DOLPHIN	Delhi & NCR
40469	DOLPHIN	Mumbai
40470	AirTel	Rajasthan
40471	cellone	Karnataka (Bangalore)
40472	cellone	Kerala
40473	cellone	Andhra Pradesh and Telangana
40474	cellone	West Bengal
40475	cellone	Bihar
40476	cellone	Orissa
40477	cellone	North East
40478	IDEA	Madhya Pradesh & Chattishgarh
40479	cellone	Andaman Nicobar
40480	cellone	Tamil Nadu
40481	cellone	Kolkata
40482	IDEA	Himachal Pradesh
40483	Reliance	Kolkata
40484	Vodafone India	Chennai
40485	Reliance	West Bengal
40486	Vodafone India	Karnataka
40487	IDEA	Rajasthan
40488	Vodafone India	Vodafone Punjab
40489	IDEA	Uttar Pradesh (East)
40490	AirTel	Maharashtra
40491	AIRCEL	Kolkata
40492	AirTel	Mumbai
40493	AirTel	Madhya Pradesh
40494	AirTel	Tamil Nadu
40495	AirTel	Kerala
40496	AirTel	Haryana
40497	AirTel	Uttar Pradesh (West)
40498	AirTel	Gujarat
40501	Reliance	Andhra Pradesh and Telangana
405025	TATA DOCOMO	Andhra Pradesh and Telangana
405026	TATA DOCOMO	Assam
405027	TATA DOCOMO	Bihar/Jharkhand
405028	TATA DOCOMO	Chennai
405029	TATA DOCOMO	Delhi
40503	Reliance	Bihar
405030	TATA DOCOMO	Gujarat
405031	TATA DOCOMO	Haryana
405032	TATA DOCOMO	Himachal Pradesh
405033	TATA DOCOMO	Jammu & Kashmir
405034	TATA DOCOMO	Karnataka
405035	TATA DOCOMO	Kerala
405036	TATA DOCOMO	Kolkata
405037	TATA DOCOMO	Maharashtra & Goa
405038	TATA DOCOMO	Madhya Pradesh
405039	TATA DOCOMO	Mumbai
40504	Reliance	Chennai
405041	TATA DOCOMO	Orissa
405042	TATA DOCOMO	Punjab
405043	TATA DOCOMO	Rajasthan
405044	TATA DOCOMO	Tamil Nadu including Chennai
405045	TATA DOCOMO	Uttar Pradesh (E)
405046	TATA DOCOMO	Uttar Pradesh (W) & Uttarakhand
405047	TATA DOCOMO	West Bengal
40505	Reliance	Delhi & NCR
40506	Reliance	Gujarat
40507	Reliance	Haryana
40508	Reliance	Himachal Pradesh
40509	Reliance	Jammu & Kashmir
40510	Reliance	Karnataka
40511	Reliance	Kerala
40512	Reliance	Kolkata
40513	Reliance	Maharashtra & Goa
40514	Reliance	Madhya Pradesh
40515	Reliance	Mumbai
40517	Reliance	Orissa
40518	Reliance	Punjab
40519	Reliance	Rajasthan
40520	Reliance	Tamil Nadu
40521	Reliance	Uttar Pradesh (East)
40522	Reliance	Uttar Pradesh (West)
40523	Reliance	West Bengal
40551	AirTel	West Bengal
40552	AirTel	Bihar & Jharkhand
40553	AirTel	Orissa
40554	AirTel	Uttar Pradesh (East)
40555	Airtel	Jammu & Kashmir
40556	AirTel	Assam
40566	Vodafone India	Uttar Pradesh (West)
40567	Vodafone India	West Bengal
40570	IDEA	Bihar & Jharkhand
405750	Vodafone India	Jammu & Kashmir
405751	Vodafone India	Assam
405752	Vodafone India	Bihar & Jharkhand
405753	Vodafone India	Orissa
405754	Vodafone India	Himachal Pradesh
405755	Vodafone India	North East
405756	Vodafone India	Madhya Pradesh & Chhattisgarh
405799	IDEA	Mumbai
405800	AIRCEL	Delhi & NCR
405801	AIRCEL	Andhra Pradesh and Telangana
405802	AIRCEL	Gujarat
405803	AIRCEL	Karnataka
405804	AIRCEL	Maharashtra & Goa
405805	AIRCEL	Mumbai
405806	AIRCEL	Rajasthan
405807	AIRCEL	Haryana
405808	AIRCEL	Madhya Pradesh
405809	AIRCEL	Kerala
405810	AIRCEL	Uttar Pradesh (East)
405811	AIRCEL	Uttar Pradesh (West)
405812	AIRCEL	Punjab
405819	Uninor	Andhra Pradesh and Telangana
405818	Uninor	Uttar Pradesh (West)
405820	Uninor	Karnataka
405821	Uninor	Kerala
405822	Uninor	Kolkata
405824	Videocon Datacom	Assam
405827	Videocon Datacom	Gujarat
405834	Videocon Datacom	Madhya Pradesh
405844	Uninor	Delhi & NCR
405840	Jio	West Bengal
405845	IDEA	Assam
405846	IDEA	Jammu & Kashmir
405847	IDEA	Karnataka
405848	IDEA	Kolkata
405849	IDEA	North East
405850	IDEA	Orissa
405851	IDEA	Punjab
405852	IDEA	Tamil Nadu
405853	IDEA	West Bengal
405854	Jio	Andhra Pradesh
405855	Jio	Assam
405856	Jio	Bihar
405857	Jio	Gujarat
405858	Jio	Haryana
405859	Jio	Himachal Pradesh
405860	Jio	Jammu & Kashmir
405861	Jio	Karnataka
405862	Jio	Kerala
405863	Jio	Madhya Pradesh
405864	Jio	Maharashtra
405865	Jio	North East
405866	Jio	Orissa
405867	Jio	Punjab
405868	Jio	Rajasthan
405869	Jio	Tamil Nadu (incl. Chennai)
405870	Jio	Uttar Pradesh (West)
405871	Jio	Uttar Pradesh (East)
405872	Jio	Delhi
405873	Jio	Kolkata
405874	Jio	Mumbai
405875	Uninor	Assam
405880	Uninor	West Bengal
405881	S Tel	Assam
405908	IDEA	Andhra Pradesh and Telangana
405909	IDEA	Delhi
405910	IDEA	Haryana
405911	IDEA	Maharashtra
405912	Etisalat DB(cheers)	Andhra Pradesh and Telangana
405913	Etisalat DB(cheers)	Delhi & NCR
405914	Etisalat DB(cheers)	Gujarat
405917	Etisalat DB(cheers)	Kerala
405927	Uninor	Gujarat
405929	Uninor	Maharashtra
51000	PSN	PT Pasifik Satelit Nusantara (ACeS)
51001	Indosat Ooredoo	PT Indonesian Satellite Corporation Tbk (INDOSAT)
51003	StarOne	PT Indosat Tbk
51007	TelkomFlexi	PT Telkom
51008	AXIS	PT Natrindo Telepon Seluler
51009	Smartfren	PT Smartfren Telecom
51010	Telkomsel	PT Telekomunikasi Selular
51011	XL	PT XL Axiata Tbk
51020	TELKOMMobile	PT Telkom Indonesia Tbk
51021	IM3	PT Indonesian Satellite Corporation Tbk (INDOSAT)
51027	Net1	PT Sampoerna Telekomunikasi Indonesia
51028	Fren/Hepi	PT Mobile-8 Telecom
51088	BOLT! Super 4G	PT Internux
51089	3	PT Hutchison CP Telecommunications
51099	Esia	PT Bakrie Telecom
43201	Uname	Ertebatat Iran
43202	Azartel	Azartel Mobile
43208	Shatel Mobile	Shatel Mobile
43210	Samantel	Samantel Mobile
43211	IR-TCI (Hamrah-e-Avval)	Mobile Communications Company of Iran (MCI)
43212	Avacell(HiWEB)	Dadeh Dostar asr Novin p.j.s. co & Information Technology Company of Iran
43214	TKC/KFZO	Telecommunication Kish Company
43219	Espadan (JV-PJS)	Mobile Telecommunications Company of Esfahan
43220	Rightel	Social Security Investment Co.
43221	Rightel	Social Security Investment Co.
43232	Taliya	TCI of Iran and Iran Mobin
43235	MTN Irancell	MTN Irancell Telecommunications Services Company
43240	Mobinnet	Ertebatat Mobinnet
43250	Shatel	Arya Resaneh Tadbir
43270	MTCE	Telephone Communications Company of Iran
43271	KOOHE NOOR	Telephone Communications Company of Iran
43290	Iraphone	IRAPHONE GHESHM of Iran
43293	Iraphone	Iraphone
43299	TCI (GSM WLL)	TCI of Iran and Rightel
41800	Asia Cell	Asia Cell Telecommunications Company
41805	Asia Cell	Asia Cell Telecommunications Company
41808	SanaTel	
41820	Zain	Zain Iraq
41830	Zain	Zain Iraq
41840	Korek	Telecom Ltd
41845	Mobitel	Mobitel Co. Ltd.
41862	Itisaluna	Itisaluna Wireless CO.
41892	Omnnea	Omnnea Wireless
27201	Vodafone	Vodafone Ireland
27202	3	Hutchison 3G Ireland limited
27203	Eir	Eir Group plc
27204		Access Telecom
27205	3	Hutchison 3G Ireland limited
27207	Eir	Eir Group plc
27208	Eir	Eir Group plc
27209		Clever Communications Ltd.
27211	Tesco Mobile	Liffey Telecom
27213	Lycamobile	Lycamobile
27215	Virgin Mobile	UPC
27216	Carphone Warehouse	Carphone Warehouse
27217	3	Hutchison 3G Ireland limited
23418	Cloud 9 Mobile	Cloud 9 Mobile Communications PLC
23436	Sure Mobile	Sure Isle of Man Ltd.
23458	Pronto GSM	Manx Telecom
42501	Partner	Partner Communications Company Ltd.
42502	Cellcom	Cellcom Israel Ltd.
42503	Pelephone	Pelephone Communications Ltd.
42504		Globalsim Ltd
42505	Jawwal	Palestine Cellular Communications Ltd.
42506	Wataniya Mobile	Wataniya Palestine Ltd. (Ooredoo)
42507	Hot Mobile	Hot Mobile Ltd.
42508	Golan Telecom	Golan Telecom Ltd
42509	018 Xphone	Marathon 018 Xphone Ltd.
42511		365 Telecom
42512		Free Telecom
42513		Ituran Cellular Communications
42514	Youphone	Alon Cellular Ltd.
42515	Home Cellular	Home Cellular
42516	Rami Levy	Rami Levy Communications Ltd.
42517	Sipme	Gale Phone
42518	Cellact Communications	Cellact Communications Ltd.
42519	Telzar 019	Azi Communications Ltd.
42520	Bezeq	Bezeq The Israeli Telecommunication Corp Ltd.
42521	Bezeq International	B.I.P. Communications Ltd.
42523		Beezz Communication Solutions Ltd.
42524	012 Telecom	Partner Communications Company Ltd.
42525	IMOD	Israel Ministry of Defense
42526		LB Annatel Ltd.
42528		PHI Networks
42529		CG Networks
22201	TIM	Telecom Italia S.p.A
22202	Elsacom	
22204	Intermatica	
22205	Telespazio	
22206	Vodafone	Vodafone Italia S.p.A.
22207	Nòverca	Nòverca Italia
22208	Fastweb	Fastweb S.p.A.
22210	Vodafone	Vodafone Italia S.p.A.
22230	RFI	Rete Ferroviaria Italiana
22233	Poste Mobile	Poste Mobile S.p.A.
22234	BT Italia	British Telecom Italia
22235	Lycamobile	Lycamobile
22236	Digi Mobil	Digi Italy S.r.l.
22237	3 Italia	H3G S.p.A.
22238	LINKEM	Linkem S.p.A.
22239	SMS Italia	SMS Italia S.r.l.
22243	TIM	Telecom Italia S.p.A.
22248	TIM	Telecom Italia S.p.A.
22250	Iliad	Iliad Italia
22277	IPSE 2000	
22288	Wind	Wind Telecomunicazioni S.p.A.
22298	BLU	BLU S.p.A.
22299	3 Italia	H3G S.p.A.
61201		Cora de Comstar
61202	Moov	Atlantique Cellulaire
61203	Orange	Orange
61204	KoZ	Comium Ivory Coast Inc
61205	MTN	Loteny Telecom
61206	GreenN	Oricel
61207	café	Aircomm
61218		YooMee
338020	FLOW	LIME (Cable & Wireless)
338040	Caricel	Symbiote Investment Limited
338050	Digicel	Digicel (Jamaica) Limited
338070	Claro	Oceanic Digital Jamaica Limited
338110	FLOW	Cable & Wireless Communications
338180	FLOW	Cable & Wireless Communications
44000	Y!Mobile	SoftBank Corp.
44001	UQ WiMAX	UQ Communications Inc.
44002		Hanshin Cable Engineering Co., Ltd.
44003	IIJmio	Internet Initiative Japan Inc.
44004		Japan Radio Company, Ltd.
44005		Wireless City Planning Inc.
44006		SAKURA Internet Inc.
44007		LTE-X, Inc.
44010	NTT docomo	NTT DoCoMo, Inc.
44020	SoftBank	SoftBank Corp.
44021	SoftBank	SoftBank Corp.
44050	au	KDDI Corporation
44051	au	KDDI Corporation
44052	au	KDDI Corporation
44053	au	KDDI Corporation
44054	au	KDDI Corporation
44070	au	KDDI Corporation
44071	au	KDDI Corporation
44072	au	KDDI Corporation
44073	au	KDDI Corporation
44074	au	KDDI Corporation
44075	au	KDDI Corporation
44076	au	KDDI Corporation
44078	au	Okinawa Cellular Telephone
44091		Tokyo Organising Committee of the Olympic and Paralympic Games
44100		Wireless City Planning Inc.
44101	SoftBank	SoftBank Corp.
44110	UQ WiMAX	UQ Communications Inc.
23403	Airtel-Vodafone	Jersey Airtel Limited
23428		Marathon Telecom Limited
23450	JT	JT Group Limited
23455	Sure Mobile	Sure (Jersey) Limited
41601	zain JO	Jordan Mobile Telephone Services
41602	XPress Telecom	XPress Telecom
41603	Umniah	Umniah Mobile Company
41677	Orange	Petra Jordanian Mobile Telecommunications Company (MobileCom)
40101	Beeline	KaR-Tel LLP
40102	Kcell	Kcell JSC
40107	Altel	Altel
40108	Kazakhtelecom	
40177	Tele2.kz	MTS
63901	Safaricom	Safaricom Limited
63902	Safaricom	Safaricom Limited
63903	Airtel	Bharti Airtel
63904		Mobile Pay Kenya Limited
63905	yu	Essar Telecom Kenya
63906		Finserve Africa Limited
63907	Telkom	Telkom Kenya
63908		Sema Mobile Services Limited
63909		Homeland Media Group Limited
63910	Faiba 4G	Jamii Telecommunications Limited
63911		WiAfrica Kenya Limited
54501	Kiribati - TSKL	Telecom Services Kiribati Ltd
54502		OceanLink
54509	Kiribati - Frigate Net	Telecom Services Kiribati Ltd
46705	Koryolink	Cheo Technology Jv Company
46706	Koryolink	Cheo Technology Jv Company
467193	SunNet	Korea Posts and Telecommunications Corporation
45001		Globalstar Asia Pacific
45002	KT	KT
45003	Power 017	Shinsegi Telecom, Inc.
45004	KT	KT
45005	SKTelecom	SK Telecom
45006	LG U+	LG Telecom
45007	KT	KT
45008	olleh	KT
45011		Korea Cable Telecom
45012	SKTelecom	SK Telecom
22101	Vala	Telecom of Kosovo J.S.C.
22102	IPKO	IPKO
22106	Z Mobile	Dardaphone.Net LLC
41902	zain KW	Zain Kuwait
41903	K.S.C Ooredoo	National Mobile Telecommunications
41904	Viva	Kuwait Telecommunication Company
43701	Beeline	Sky Mobile LLC
43703	Fonex	Aktel Ltd
43705	MegaCom	Alfa Telecom CJSC
43709	O!	NurTelecom LLC
45701	LaoTel	Lao Telecom
45702	ETL	Enterprise of Telecommunications Lao
45703	Unitel	Star Telecom Co., Ltd
45708	Beeline	VimpelCom Lao Ltd
24701	LMT	Latvian Mobile Telephone
24702	Tele2	Tele2
24703	TRIATEL	Telekom Baltija
24704		Beta Telecom
24705	Bite	Bite Latvija
24706		Rigatta
24707		SIA MEGATEL
24708	IZZI	IZZI
24709	Xomobile	Camel Mobile
41501	Alfa	MIC 1
41503	Touch	MIC 2
41505	Ogero Mobile	Ogero Telecom
65101	Vodacom	Vodacom Lesotho (Pty) Ltd
65102	Econet Telecom	Econet Ezi-cel
61801	Lonestar Cell	Lonestar Communications Corporation
61802	Libercell	Atlantic Wireless (Liberia) Inc.
61804	Novafone	Novafone Inc.
61807	Orange LBR	Orange Liberia
61820	LIBTELCO	Liberia Telecommunications Corporation
60600	Libyana	Libyana
60601	Madar	Al-Madar Al-Jadeed
60602	Al-Jeel Phone	Al-Jeel Al-Jadeed
60603	Libya Phone	Libya Telecom & Technology (LTT)
60606	Hatef Libya	Hatef Libya
29501	Swisscom	Swisscom Schweiz AG
29502	7acht	Salt Liechtenstein AG
29505	FL1	Telecom Liechtenstein AG
29506	Cubic Telecom	Cubic Telecom AG
29507		First Mobile AG
29509		EMnify GmbH
29510		Soracom LI Ltd.
29577	Alpmobil	Alpcom AG
24601	Telia	Telia Lietuva
24602	BITĖ	UAB Bitė Lietuva
24603	Tele2	UAB Tele2 (Tele2 AB, Sweden)
24604		LR vidaus reikalų ministerija (Ministry of the Interior)
24605	LitRail	Lietuvos geležinkeliai (Lithuanian Railways)
24606	Mediafon	UAB Mediafon
24607		Compatel Ltd.
24608	MEZON	Lietuvos radijo ir televizijos centras
24609		Interactive Digital Media GmbH
27001	POST	POST Luxembourg
27002		MTX Connect S.a.r.l.
27007		Bouygues Telecom S.A.
27010		Blue Communications
27077	Tango	Tango SA
27078		Interactive digital media GmbH
27079		Mitto A.G.
27080		Syniverse Technologies S.à r.l.
27081		E-Lux Mobile Telecommunication S.A.
27099	Orange	Orange S.A.
45500	SmarTone	Smartone – Comunicações Móveis, S.A.
45501	CTM	Companhia de Telecomunicações de Macau, S.A.R.L.
45502	China Telecom	China Telecom (Macau) Company Limited
45503	3	Hutchison Telephone (Macau), Limitada
45504	CTM	Companhia de Telecomunicações de Macau, S.A.R.L.
45505	3	Hutchison Telephone (Macau), Limitada
45506	SmarTone	Smartone – Comunicações Móveis, S.A.
45507	China Telecom	China Telecom (Macau) Limitada
29401	Telekom.mk	Makedonski Telekom
29402	vip	ONE.VIP DOO
29403	vip	ONE.VIP DOO
29404	Lycamobile	Lycamobile LLC
29410		WTI Macedonia
29411		MOBIK TELEKOMUNIKACII DOOEL Skopje
64601	Airtel	Bharti Airtel
64602	Orange	Orange Madagascar S.A.
64603	Sacel	Sacel Madagascar S.A.
64604	Telma	Telma Mobile S.A.
65001	TNM	Telecom Network Malawi
65002	Access	Access Communications Ltd
65010	Airtel	Bharti Airtel Limited
50201	ATUR 450	Telekom Malaysia Bhd
50210		Maxis, DiGi, Celcom, XOX
50211	TM Homeline	Telekom Malaysia Bhd
50212	Maxis	Maxis Communications Berhad
50213	Celcom	Celcom Axiata Berhad
50214		Telekom Malaysia Berhad for PSTN SMS
502150	Tune Talk	Tune Talk Sdn Bhd
502151	SalamFone	Baraka Telecom Sdn Bhd
502152	Yes	YTL Communications Sdn Bhd
502153	unify	Webe Digital Sdn Bhd
502154	Tron	Talk Focus Sdn Bhd
502155	Clixster	Clixster Mobile Sdn Bhd
502156	Altel	Altel Communications Sdn Bhd
502157	Telin	Telekomunikasi Indonesia International (M) Sdn Bhd
50216	DiGi	DiGi Telecommunications
50217	Maxis	Maxis Communications Berhad
50218	U Mobile	U Mobile Sdn Bhd
50219	Celcom	Celcom Axiata Berhad
50220	Electcoms	Electcoms Berhad
47201	Dhiraagu	Dhivehi Raajjeyge Gulhun
47202	Ooredoo	Wataniya Telecom Maldives
61001	Malitel	Malitel SA
61002	Orange	Orange Mali SA
61003	ATEL-SA	Alpha Telecommunication Mali S.A.
27801	Vodafone	Vodafone Malta
27811		YOM Ltd.
27821	GO	Mobile Communications Limited
27830	GO	Mobile Communications Limited
27877	Melita	Melita
55101		Marshall Islands National Telecommunications Authority (MINTA)
60901	Mattel	Mattel
60902	Chinguitel	Chinguitel
60910	Mauritel	Mauritel Mobiles
61701	my.t	Cellplus Mobile Communications Ltd.
61702	MOKOZE / AZU	Mahanagar Telephone Mauritius Limited (MTML)
61703	CHILI	Mahanagar Telephone Mauritius Limited (MTML)
61710	Emtel	Emtel Ltd.
334001		Comunicaciones Digitales Del Norte, S.A. de C.V.
334010	AT&T	AT&T Mexico
334020	Telcel	América Móvil
334030	Movistar	Telefónica
334040	Unefon	AT&T Mexico
334050	AT&T / Unefon	AT&T Mexico
334060		Servicios de Acceso Inalambrico, S.A. de C.V.
334066		Telefonos de México, S.A.B. de C.V.
334070	Unefon	AT&T Mexico
334080	Unefon	AT&T Mexico
334090	AT&T	AT&T Mexico
334140	Altan Redes	Altán Redes S.A.P.I. de C.V.
55001		FSMTC
25901	Orange	Orange Moldova
25902	Moldcell	
25903	IDC	Interdnestrcom
25903	Unité	Moldtelecom
25904	Eventis	Eventis Telecom
25905	Unité	Moldtelecom
25915	IDC	Interdnestrcom
25999	Unité	Moldtelecom
21210	Office des Telephones	Monaco Telecom
42888	Unitel	Unitel LLC
42891	Skytel	Skytel LLC
42898	G-Mobile	G-Mobile LLC
42899	Mobicom	Mobicom Corporation
29701	Telenor	Telenor Montenegro
29702	T-Mobile	T-Mobile Montenegro LLC
29703	m:tel CG	MTEL CG
354860	FLOW	Cable & Wireless
60400	Orange Morocco	Médi Télécom
60401	IAM	Ittissalat Al-Maghrib (Maroc Telecom)
60402	INWI	Wana Corporate
60404		Al Houria Telecom
60405	INWI	Wana Corporate
60406	IAM	Ittissalat Al-Maghrib (Maroc Telecom)
60499		Al Houria Telecom
64301	mCel	Mocambique Celular S.A.
64303	Movitel	Movitel, SA
64304	Vodacom	Vodacom Mozambique, S.A.
41400	MPT	Myanmar Posts and Telecommunications
41401	MPT	Myanmar Posts and Telecommunications
41402	MPT	Myanmar Posts and Telecommunications
41403	CDMA800	Myanmar Economic Corporation
41404	MPT	Myanmar Posts and Telecommunications
41405	Ooredoo	Ooredoo Myanmar
41406	Telenor	Telenor Myanmar
41409	Mytel	Myanmar National Tele & Communication Co., Ltd
41420	ACS	Amara Communication Co.,Ltd
41421	ACS	Amara Communication Co.,Ltd
64901	MTC	MTC Namibia
64902	switch	Telecom Namibia
64903	TN Mobile	Telecom Namibia
64904		Paratus Telecommunications (Pty)
64905		Demshi Investments CC
53602	Digicel	Digicel (Nauru) Corporation
42901	Namaste / NT Mobile / Sky Phone	Nepal Telecom (NDCL)
42902	Ncell	Ncell Pvt. Ltd.
42903	UTL	United Telecom Limited
42904	SmartCell	Smart Telecom Pvt. Ltd. (STPL)
20401		RadioAccess Network Services
20402	Tele2	Tele2 Nederland B.V.
20403	Voiceworks	Voiceworks B.V.
20404	Vodafone	Vodafone Libertel B.V.
20405		Elephant Talk Communications Premium Rate Services
20406	Vectone Mobile	Mundio Mobile (Netherlands) Ltd
20407		Teleena (MVNE)
20408	KPN	KPN Mobile The Netherlands B.V.
20409	Lycamobile	Lycamobile Netherlands Limited
20410	KPN	KPN B.V.
20411		VoipIT B.V.
20412	Telfort	KPN Mobile The Netherlands B.V.
20413		Unica Installatietechniek B.V.
20414		6GMOBILE B.V.
20415	Ziggo	Ziggo B.V.
20416	T-Mobile (BEN)	T-Mobile Netherlands B.V
20417	Intercity Zakelijk	Intercity Mobile Communications B.V.
20418	upc	UPC Nederland B.V.
20419		Mixe Communication Solutions B.V.
20420	T-Mobile	T-Mobile Netherlands B.V
20421		ProRail B.V.
20422		Ministerie van Defensie
20423		Wyless Nederland B.V.
20424		Private Mobility Nederland B.V.
20425		CapX B.V.
20426		SpeakUp B.V.
20427		Breezz Nederland B.V.
20428		Lancelot B.V.
20429		Private Mobile Ltd
20460		Nextgen Mobile Ltd
20461		BodyTrace Netherlands B.V.
20462	Voxbone	Voxbone mobile
20464		Zetacom B.V.
20465		AGMS Netherlands B.V.
20466		Utility Connect B.V.
20467		Koning en Hartman B.V.
20468		Roamware (Netherlands) B.V.
20469		KPN Mobile The Netherlands B.V.
36231		Eutel N.V.
36233		WICC N.V.
36251	Telcell	Telcell N.V.
36254	ECC	East Caribbean Cellular
36259	Chippie	United Telecommunication Service N.V. (UTS)
36260	Chippie	United Telecommunication Service N.V. (UTS)
36263		CSC N.V.
36268	Digicel	Curaçao Telecom N.V.
36269	Digicel	Curaçao Telecom N.V.
36274		PCS N.V.
36276	Digicel	Antiliano Por N.V.
36278	Telbo	Telefonia Bonairiano N.V.
36291	Chippie	United Telecommunication Service N.V. (UTS)
36294	Bayòs	Bòbò Frus N.V.
36295	MIO	E.O.C.G. Wireless
54601	Mobilis	OPT New Caledonia
53000	Telecom	Telecom New Zealand
53001	Vodafone	Vodafone New Zealand
53002	Telecom	Telecom New Zealand
53003	Woosh	Woosh Wireless
53004	Vodafone	TelstraClear New Zealand
53005	Spark	Spark New Zealand
53006	Skinny	Spark New Zealand
53007		Bluereach Limited
53024	2degrees	2degrees
71021	Claro	Empresa Nicaragüense de Telecomunicaciones, S.A. (ENITEL) (América Móvil)
71030	movistar	Telefonía Celular de Nicaragua, S.A. (Telefónica, S.A.)
71073	Claro	Servicios de Comunicaciones S.A.
61401	SahelCom	La Société Sahélienne de Télécommunications (SahelCom)
61402	Airtel	Bharti Airtel Limited
61403	Moov	Atlantique Telecom (subsidiary of Etisalat)
61404	Orange	Orange Niger
62100		Capcom
62120	Airtel	Bharti Airtel Limited
62122	InterC	InterC Network Ltd.
62124		Spectranet
62125	Visafone	Visafone Communications Ltd.
62126		Swift
62127	Smile	Smile Communications Nigeria
62130	MTN	MTN Nigeria Communications Limited
62140	Ntel	Nigerian Mobile Telecommunications Limited
62150	Glo	Globacom Ltd
62160	9mobile	
55501	Telecom Niue	Telecom Niue
50510	Norfolk Telecom	Norfolk Telecom
310110	IT&E Wireless	PTI Pacifica Inc.
310370	Docomo	NTT Docomo Pacific
24201	Telenor	Telenor Norge AS
24202	Telia	TeliaSonera Norge AS
24203		Televerket AS
24204	Tele2	Tele2 (Mobile Norway AS)
24205	Telia	TeliaSonera Norge AS
24206	ICE	ICE Norge AS
24207	Phonero	Phonero AS
24208	TDC	TDC Mobil AS
24209	Com4	Com4 AS
24210		Norwegian Communications Authority
24211	SystemNet	SystemNet AS
24212	Telenor	Telenor Norge AS
24214	ICE	ICE Communication Norge AS
24220		Jernbaneverket AS
24221		Jernbaneverket AS
24222		Altibox AS
24223	Lycamobile	Lyca Mobile Ltd
24224		Mobile Norway AS
24225		Forsvarets kompetansesenter KKIS
24290		Nokia Solutions and Networks Norge AS
24299		TampNet AS
42202	Omantel	Oman Telecommunications Company
42203	ooredoo	Omani Qatari Telecommunications Company SAOC
42204	Omantel	Oman Telecommunications Company
41001	Jazz	Mobilink-PMCL
41002	PTCL	PTCL
41003	Ufone	Pakistan Telecommunication Mobile Ltd
41004	Zong	China Mobile
41005	SCO Mobile	SCO Mobile Ltd
41006	Telenor	Telenor Pakistan
41007	Jazz	WaridTel
41008	SCO Mobile	SCO Mobile Ltd
55201	PNCC	Palau National Communications Corp.
55202	PalauTel	Palau Equipment Company Inc.
55280	Palau Mobile	Palau Mobile Corporation
42505	Jawwal	Palestine Cellular Communications, Ltd.
42506	Wataniya	Wataniya Palestine Mobile Telecommunications Company
71401	Cable & Wireless	Cable & Wireless Panama S.A.
71402	movistar	Telefónica Moviles Panama S.A, Bell South Corp. (BSC)
714020	movistar	Telefónica Móviles de Panama S.A
71403	Claro	América Móvil
71404	Digicel	Digicel Group
53701	bmobile	Bemobile Limited
53702	citifon	Telikom PNG Ltd.
53703	Digicel	Digicel PNG
74401	VOX	Hola Paraguay S.A
74402	Claro/Hutchison	AMX Paraguay S.A.
74403		Compañia Privada de Comunicaciones S.A.
74404	Tigo	Telefónica Celular Del Paraguay S.A. (Telecel)
74405	Personal	Núcleo S.A(TIM)
74406	Copaco	Copaco S.A.
71606	Movistar	Telefónica del Perú S.A.A.
71607	Entel	Entel Perú S.A.
71610	Claro	América Móvil Perú
71615	Bitel	Viettel Peru S.A.C.
71617	Entel	Entel Perú S.A.
51501	Islacom	Globe Telecom via Innove Communications
51502	Globe	Globe Telecom
51503	SMART	PLDT via Smart Communications
51505	Sun Cellular	Digital Telecommunications Philippines
51511		PLDT via ACeS Philippines
51518	Cure	PLDT via Smart's Connectivity Unlimited Resources Enterprise
51524	ABS-CBN Mobile	ABS-CBN Convergence with Globe Telecom
51588		Next Mobile Inc.
		
26001	Plus	Polkomtel Sp. z o.o.
26002	T-Mobile	T-Mobile Polska S.A.
26003	Orange	Polska Telefonia Komórkowa Centertel Sp. z o.o.
26004	Aero2	Aero 2 Sp. z o.o.
26005	Orange	Polska Telefonia Komórkowa Centertel Sp. z o.o.
26006	Play	P4 Sp. z o.o.
26007	Netia	Netia S.A.
26008		E-Telko Sp. z o.o.
26009	Lycamobile	Lycamobile Sp. z o.o.
26010	T-Mobile	T-Mobile Polska S.A.
26011	Nordisk Polska	Nordisk Polska Sp. z o.o.
26012	Cyfrowy Polsat	Cyfrowy Polsat S.A.
26013		Move Telecom S.A.
26014	Sferia	Sferia S.A.
26015	Aero2	Aero 2 Sp. z o.o.
26016	Aero2	Aero 2 Sp. z o.o.
26017	Aero2	Aero 2 Sp. z o.o.
26018	AMD Telecom	AMD Telecom S.A.
26019	Teleena	Teleena Holding BV
26020	Mobile.Net	Mobile.Net Sp. z o.o.
26021	Exteri	Exteri Sp. z o.o.
26022	Arcomm	Arcomm Sp. z o.o.
26023	Amicomm	Amicomm Sp. z o.o.
26024		IT Partners Telco Sp. z o.o.
26025		Polskie Sieci Radiowe Sp. z o.o. Sp. k.a.
26026	ATE	Advanced Technology & Experience Sp. z o.o.
26027	Intertelcom	Intertelcom Sp. z o.o.
26028	PhoneNet	PhoneNet Sp. z o.o.
26029	Interfonica	Interfonica Sp. z o.o.
26030	GrandTel	GrandTel Sp. z o.o.
26031	Phone IT	Phone IT Sp. z o.o.
26032		Compatel Limited
26033	Truphone	Truphone Poland Sp. z o.o.
26034	NetWorkS!	T-Mobile Polska S.A.
26035		PKP Polskie Linie Kolejowe S.A.
26036	Vectone Mobile	Mundio Mobile
26037		NEXTGEN MOBILE LTD
26038		CALLFREEDOM Sp. z o.o.
26039	Voxbone	VOXBONE SA
26040		Interactive Digital Media GmbH
26041		EZ PHONE MOBILE Sp. z o.o.
26042		MobiWeb Telecom Limited
26043		Smart Idea International Sp. z o.o.
26044		Rebtel Poland Sp. z o.o.
26045		Virgin Mobile Polska Sp. z o.o.
26046		Terra Telekom Sp. z o.o.
26047		SMShighway Limited
26048		AGILE TELECOM S.P.A.
26049		Messagebird B.V.
26098	Play	P4 Sp. z o.o.
26801	Vodafone	Vodafone Portugal
26802	MEO	Telecomunicações Móveis Nacionais
26803	NOS	NOS Comunicações
26804	LycaMobile	LycaMobile
26805		Oniway - Inforcomunicaçôes, S.A.
26806	MEO	Telecomunicações Móveis Nacionais
26807	Vectone Mobile	Mundio Mobile (Portugal) Limited
26811		Compatel, Limited
26812		Infraestruturas de Portugal, S.A.
26813		G9Telecom, S.A.
26821	Zapp	Zapp Portugal
26880	MEO	Telecomunicações Móveis Nacionais
330000	Open Mobile	PR Wireless
330110	Claro Puerto Rico	América Móvil
330120	Open Mobile	PR Wireless
42701	ooredoo	ooredoo
42702	Vodafone	Vodafone Qatar
42705	Ministry of Interior	Ministry of Interior
42706	Ministry of Interior	Ministry of Interior
22601	Vodafone	Vodafone România
22602	Clicknet Mobile	Telekom Romania
22603	Telekom	Telekom Romania
22604	Cosmote/Zapp	Telekom Romania
22605	Digi.Mobil	RCS&RDS
22606	Telekom/Zapp	Telekom Romania
22610	Orange	Orange România
22611		Enigma-System
22615	Idilis	Idilis
22616	Lycamobile	Lycamobile Romania
25001	MTS	Mobile TeleSystems
25002	MegaFon	MegaFon PJSC
25003	NCC	Nizhegorodskaya Cellular Communications
25004	Sibchallenge	Sibchallenge
25005	ETK	Yeniseytelecom
25006	Skylink	CJSC Saratov System of Cellular Communications
25007	SMARTS	Zao SMARTS
25008	Vainah Telecom	CS VainahTelecom
25009	Skylink	Khabarovsky Cellular Phone
25010	DTC	Dontelekom
25011	Yota	Scartel
25012	Baykalwestcom	Baykal Westcom / New Telephone Company / Far Eastern Cellular
25012	Akos	
25013	KUGSM	Kuban GSM
25014	MegaFon	MegaFon OJSC
25015	SMARTS	SMARTS Ufa, SMARTS Uljanovsk
25016	NTC	New Telephone Company
25017	Utel	JSC Uralsvyazinform
25018	Osnova Telecom	
25019	INDIGO	INDIGO
25020	Tele2	Tele2
25021	GlobalTel	JSC GlobalTel
25022		Vainakh Telecom
25023	Thuraya	GTNT
25028	Beeline	Beeline
25029	Iridium	Iridium Communications
25032	Win Mobile	K-Telecom
25033	Sevmobile	Sevtelekom
25034	Krymtelekom	Krymtelekom
25035	MOTIV	EKATERINBURG-2000
25038	Tambov GSM	Central Telecommunication Company
25039	Rostelecom	ROSTELECOM
25044		Stavtelesot / North Caucasian GSM
25050	MTS	Bezlimitno.ru
25054	TTK	Tattelecom
25060	Volna mobile	KTK Telecom
25062	Tinkoff Mobile	Tinkoff Mobile
25091	Sonic Duo	Sonic Duo CJSC
25092		Primtelefon
25093		Telecom XXI
25099	Beeline	OJSC Vimpel-Communications
250?	SkyLink	SkyLink/MTS/the Moscow Cellular communication
250811		Votek Mobile
63510	MTN	MTN Rwandacell SARL
63511	Rwandatel	Rwandatel S.A.
63512	Rwandatel	Rwandatel S.A.
63513	Tigo	TIGO RWANDA S.A
63514	Airtel	Airtel RWANDA
63517	Olleh	Olleh Rwanda Networks
65801	Sure	Sure South Atlantic Ltd.
356050	Digicel	Wireless Ventures (St Kitts-Nevis) Limited
356070	Chippie	UTS
356110	FLOW	Cable & Wireless St. Kitts & Nevis Ltd
338050	Digicel	Digicel
358110	FLOW	Cable & Wireless
30801	Ameris	St. Pierre-et-Miquelon Télécom
30802	GLOBALTEL	GLOBALTEL
360050	Digicel	Digicel (St. Vincent and the Grenadines) Limited
360100	Cingular Wireless	
360110	FLOW	Cable & Wireless (St. Vincent & the Grenadines) Ltd
54900	Digicel	Digicel Pacific Ltd.
54901	Digicel	Digicel Pacific Ltd.
54927	Bluesky	Bluesky Samoa Ltd
29201	PRIMA	San Marino Telecom
62601	CSTmovel	Companhia Santomese de Telecomunicaçôe
62602	Unitel STP	Unitel Sao Tome and Principe
42001	Al Jawal (STC )	Saudi Telecom Company
42003	Mobily	Etihad Etisalat Company
42004	Zain SA	Zain Saudi Arabia
42005	Virgin Mobile	Virgin Mobile Saudi Arabia
42021	RGSM	Saudi Railways GSM
60801	Orange	Sonatel
60802	Tigo	Millicom International Cellular S.A.
60803	Expresso	Sudatel
60804		CSU-SA
22001	Telenor	Telenor Serbia
22002	Telenor	Telenor Montenegro
22003	mt:s	Telekom Srbija
22004	T-Mobile	T-Mobile Montenegro LLC
22005	VIP	VIP Mobile
22007		Orion Telekom
22009	Vectone Mobile	MUNDIO MOBILE d.o.o.
22011	GLOBALTEL	GLOBALTEL d.o.o.
63301	Cable & Wireless	Cable & Wireless Seychelles
63302	Mediatech	Mediatech International
63310	Airtel	Telecom Seychelles Ltd
61901	Orange	Orange SL Limited
61902	Africell	Lintel Sierra Leone Limited
61903	Africell	Lintel Sierra Leone Limited
61904	Comium	Comium (Sierra Leone) Ltd.
61905	Africell	Lintel Sierra Leone Limited
61906	SierraTel	Sierra Leone Telephony
61907		Qcell Sierra Leone
61909	Smart Mobile	InterGroup Telecom SL
61925	Mobitel	Mobitel
61940		Datatel (SL) Ltd.
61950		Datatel (SL) Ltd.
52501	SingTel	Singapore Telecom
52502	SingTel-G18	Singapore Telecom
52503	M1	M1 Limited
52505	StarHub	StarHub Mobile
52506	StarHub	StarHub Mobile
52507	SingTel	Singapore Telecom
52508	StarHub	StarHub Mobile
52509	Circles.Life	Liberty Wireless Pte Ltd
52510		TPG Telecom Pte Ltd
52512	Grid	GRID Communications Pte Ltd.
23101	Orange	Orange Slovensko
23102	Telekom	Slovak Telekom
23103	4ka	SWAN Mobile, a.s.
23104	Telekom	Slovak Telekom
23105	Orange	Orange Slovensko
23106	O2	Telefónica O2 Slovakia
23107		Towercom, a. s.
23108		IPfon, s.r.o.
23199	ŽSR	Železnice Slovenskej Republiky
29310		SŽ - Infrastruktura, d.o.o.
29320		COMPATEL Ltd
29340	A1	A1 Slovenija
29341	Mobitel	Telekom Slovenije
29364	T-2	T-2 d.o.o.
29370	Telemach	Tušmobil d.o.o.
54001	BREEZE	Our Telekom
54002	BeMobile	BMobile (SI) Ltd
63701	Telesom	Telesom
63704	Somafone	Somafone FZLLC
63710	Nationlink	NationLink Telecom
63720	SOMNET	SOMNET
63750	Hormuud	Hormuud Telecom Somalia Inc
63730	Golis	Golis Telecom Somalia
63757	UNITEL	UNITEL S.a.r.l.
63760	Nationlink	Nationlink Telecom
63767	Horntel Group	HTG Group Somalia
63770		Onkod Telecom Ltd.
63771	Somtel	Somtel
63782	Telcom	Telcom Somalia
65501	Vodacom	Vodacom
65502	Telkom	Telkom SA SOC Ltd
65504		Sasol (Pty) Ltd.
65505		Telkom SA Ltd
65506		Sentech (Pty) Ltd
65507	Cell C	Cell C (Pty) Ltd
65510	MTN	MTN Group
65511		South African Police Service Gauteng
65512	MTN	MTN Group
65513	Neotel	Neotel Pty Ltd
65514	Neotel	Neotel Pty Ltd
65516		Phoenix System Integration (Pty) Ltd
65517		Sishen Iron Ore Company (Ltd) Pty
65519	Rain	Wireless Business Solutions (Pty) Ltd
65521		Cape Town Metropolitan Council
65524		SMSPortal (Pty) Ltd.
65525		Wirels Connect
65527		A to Z Vaal Industrial Supplies Pty Ltd
65528		Hymax Talking Solutions (Pty) Ltd
65530		Bokamoso Consortium
65531		Karabo Telecoms (Pty) Ltd.
65532		Ilizwi Telecommunications
65533		Thinta Thinta Telecommunications Pty Ltd
65534		Bokone Telecoms Pty Ltd
65535		Kingdom Communications Pty Ltd
65536		Amatole Telecommunications Pty Ltd
65538	iBurst	Wireless Business Solutions (Pty) Ltd
65541		South African Police Service
65546		SMS Cellular Services (Pty) Ltd
65550		Ericsson South Africa (Pty) Ltd
65551		Integrat (Pty) Ltd
65553	Lycamobile	Lycamobile (Pty) Ltd
65573	iBurst	Wireless Business Solutions (Pty) Ltd
65574	iBurst	Wireless Business Solutions (Pty) Ltd
65575	ACSA	Airports Company South Africa
65902	MTN	MTN South Sudan
65903	Gemtel	Gemtel
65904	Vivacell	Network of the World (NOW)
65906	Zain	Zain South Sudan
65907	Sudani	Sudani
21401	Vodafone	Vodafone Spain
21402	Altecom/Fibracat	Alta Tecnologia en Comunicacions SL
21403	Orange	France Telecom España SA
21404	Yoigo	Xfera Moviles SA
21405	Movistar	Telefónica Móviles España
21406	Vodafone	Vodafone Spain
21407	Movistar	Telefónica Móviles España
21408	Euskaltel	
21409	Orange	France Telecom España SA
21410		ZINNIA TELECOMUNICACIONES, S.L.U.
21411		TELECOM CASTILLA-LA MANCHA, S.A.
21412		Contacta Servicios Avanzados de Telecomunicaciones SL
21413		Incotel Ingeniera y Consultaria SL
21414		Incotel Servicioz Avanzados SL
21415	BT	BT Group España Compañia de Servicios Globales de Telecomunicaciones S.A.U.
21416	TeleCable	Telecable de Asturias S.A.U.
21417	Móbil R	R Cable y Telecomunicaciones Galicia S.A.
21418	ONO	Cableuropa S.A.U.
21419	Simyo	E-PLUS Moviles Virtuales España S.L.U.
21420	Fonyou	Fonyou Telecom S.L.
21421	Jazztel	Orange S.A.
21422	DigiMobil	Best Spain Telecom
21423	Barablu	Barablu Móvil España
21424	Eroski	Eroski Móvil España
21425	Lycamobile	LycaMobile S.L.
21426		Lleida Networks Serveis Telemátics, SL
21427	Truphone	SCN Truphone, S.L.
21428	Murcia4G	Consorcio de Telecomunicaciones Avanzadas, S.A.
21429		NEO-SKY 2002, S.A.
21430		Compatel Limited
21431		Red Digital De Telecomunicaciones de las Islas Baleares, S.L.
21432	Tuenti	Telefónica Móviles España
21433		EURONA WIRELESS TELECOM, S.A.
21434		Aire Networks del Mediterráneo, S.L.U.
21435		INGENIUM OUTSOURCING SERVICES, S.L.
21436		OPEN CABLE TELECOMUNICACIONES, S.L.
21437		VODAFONE ESPAÑA, S.A.U.
21451	ADIF	Administrador de Infraestructuras Ferroviarias
41301	Mobitel	Mobitel (Pvt) Ltd
41302	Dialog	Dialog Axiata PLC
41303	Etisalat	Etisalat Lanka (Pvt) Ltd
41304	Lanka Bell	Lanka Bell Ltd
41305	Airtel	Bharti Airtel Lanka (Pvt) Ltd
41308	Hutch	Hutchison Telecommunications Lanka (Pvt) Ltd
41311	Dialog	Dialog Broadband Networks (Pvt) Ltd
41312	SLT	Sri Lanka Telecom PLC
41313	Lanka Bell	Lanka Bell Ltd
63401	Zain SD	Zain Group - Sudan
63402	MTN	MTN Sudan
63403	MTN	MTN Sudan
63405	canar	Canar Telecom
63407	Sudani One	Sudatel Group
63409	Privet Network	NEC
74602	Telesur	Telecommunications Company Suriname (Telesur)
74603	Digicel	Digicel Group Limited
74604	Digicel	Digicel Group Limited
74605	Telesur	Telecommunications Company Suriname (Telesur)
65301		SPTC
65302		Swazi Mobile Limited
65310	Swazi MTN	Swazi MTN Limited
24001	Telia	TeliaSonera Sverige AB
24002	3	HI3G Access AB
24003	Net 1	Netett Sverige AB
24004	SWEDEN	3G Infrastructure Services AB
24005	Sweden 3G	Svenska UMTS-Nät AB
24006	Telenor	Telenor Sverige AB
24007	Tele2	Tele2 Sverige AB
24008	Telenor	Telenor Sverige AB
24009	Com4	Communication for Devices in Sweden AB
24010	Spring Mobil	Tele2 Sverige AB
24011		ComHem AB
24012	Lycamobile	Lycamobile Sweden Limited
24013		Alltele Företag Sverige AB
24014		Tele2 Business AB
24015		Wireless Maingate Nordic AB
24016		42 Telecom AB
24017	Gotanet	Götalandsnätet AB
24018		Generic Mobile Systems Sweden AB
24019	Vectone Mobile	Mundio Mobile (Sweden) Limited
24020		Wireless Maingate Messaging Services AB
24021	MobiSir	Trafikverket ICT
24022		EuTel AB
24023		Infobip Limited (UK)
24024	Sweden 2G	Net4Mobility HB
24025		Monty UK Global Ltd
24026		Twilio Sweden AB
24027		GlobeTouch AB
24028		LINK Mobile A/S
24029		Mercury International Carrier Services
24030		NextGen Mobile Ltd.
24031		RebTel Network AB
24032		Compatel Limited
24033		Mobile Arts AB
24034		Pro Net Telecommunications Services Ltd.
24035		42 Telecom LTD
24036		interactive digital media GmbH
24037		CLX Networks AB
24038	Voxbone	Voxbone mobile
24039		Borderlight AB
24040		North net connect AB
24041		Shyam Telecom UK Ltd.
24042		Telenor Connexion AB
24043		MobiWeb Ltd.
24044		Telenabler AB
24045		Spirius AB
24046	Viahub	SMS Provider Corp.
24047		Viatel Sweden AB
24060		Telefonaktiebolaget LM Ericsson
24061		MessageBird B.V.
22801	Swisscom	Swisscom AG
22802	Sunrise	Sunrise Communications AG
22803	Salt	Salt Mobile SA
22805		Comfone AG
22806	SBB-CFF-FFS	SBB AG
22807	IN&Phone	IN&Phone SA
22808	Tele4u	TelCommunication Services AG
22809		Comfone AG
22811		Swisscom Broadcast AG
22812	Sunrise	Sunrise Communications AG
22850		3G Mobile AG
22851		relario AG
22852	Barablu	Barablu
22853	upc cablecom	UPC Schweiz GmbH
22854	Lycamobile	Lycamobile AG
22855		WeMobile SA
22856		SMSRelay AG
22857		Mitto AG
22858	beeone	Beeone Communications SA
22859	Vectone	Mundio Mobile Limited
22860	Sunrise	Sunrise Communications AG
22861		Compatel Ltd.
22899		Swisscom Broadcast AG
41701	Syriatel	Syriatel Mobile Telecom
41702	MTN	MTN Syria
41709		Syrian Telecom
46601	FarEasTone	Far EasTone Telecommunications Co Ltd
46602	FarEasTone	Far EasTone Telecommunications Co Ltd
46603	FarEasTone	Far EasTone Telecommunications Co Ltd
46605	APTG	Asia Pacific Telecom
46606	FarEasTone	Far EasTone Telecommunications Co Ltd
46607	FarEasTone	Far EasTone Telecommunications Co Ltd
46609	VMAX	Vmax Telecom
46610	G1	Global Mobile Corp.
46611	Chunghwa LDM	LDTA/Chunghwa Telecom
46612		Ambit Microsystems
46656	FITEL	First International Telecom
46668		Tatung InfoComm
46688	FarEasTone	Far EasTone Telecommunications Co Ltd
46689	T Star	Taiwan Star Telecom
46690	T Star	Taiwan Star Telecom
46692	Chunghwa	Chunghwa Telecom
46693	MobiTai	Mobitai Communications
46697	Taiwan Mobile	Taiwan Mobile Co. Ltd
46699	TransAsia	TransAsia Telecoms
43601	Tcell	JV Somoncom
43602	Tcell	Indigo Tajikistan
43603	MegaFon	TT Mobile
43604	Babilon-M	Babilon-Mobile
43605	Beeline	Tacom
43610	Babilon-T	Babilon-T
43612	Tcell	Indigo
64001		Rural NetCo Limited
64002	tiGO	MIC Tanzania Limited
64003	Zantel	Zanzibar Telecom Ltd
64004	Vodacom	Vodacom Tanzania Limited
64005	Airtel	Bharti Airtel
64006	Sasatel (Dovetel)	Dovetel Limited
64007	TTCL Mobile	Tanzania Telecommunication Company LTD (TTCL)
64008	Smart	Benson Informatics Limited
64009	Halotel	Viettel Tanzania Limited
64011	SmileCom	Smile Telecoms Holdings Ltd.
64012		MyCell Limited
64013	Cootel	Wiafrica Tanzania Limited
52000	TrueMove H & my by CAT	CAT Telecom
52001	AIS	Advanced Info Service
52002	CAT CDMA	CAT Telecom
52003	AIS	Advanced Wireless Network Company Ltd.
52004	TrueMove H	True Move H Universal Communication Company Ltd.
52005	dtac TriNet	DTAC Network Company Ltd.
52009		Royal Thai Police
52015	TOT 3G	TOT Public Company Limited
52018	dtac	Total Access Communications Public Company Ltd.
52020	ACeS	ACeS
52023	AIS GSM 1800	Digital Phone Company Ltd.
52025	WE PCT	True Corporation
52047	dtac-T	Telephone Organization of Thailand (TOT)
52099	TrueMove	True Corporation
61501	Togo Cell	Togo Telecom
61503	Moov	Moov Togo
55401		Teletok
53901	U-Call	Tonga Communications Corporation
53943		Shoreline Communication
53988	Digicel	Digicel (Tonga) Limited
37412	bmobile	TSTT
374130	Digicel	Digicel (Trinidad & Tobago) Limited
374140		LaqTel Ltd.
60501	Orange	Orange Tunisie
60502	Tunicell	Tunisie Telecom
60503	OOREDOO TN	ooredoo Tunisiana
28601	Turkcell	Turkcell Iletisim Hizmetleri A.S.
28602	Vodafone	Vodafone Turkey
28603	Türk Telekom	Türk Telekom
28604	Aycell	Aycell
43801	MTS	MTS Turkmenistan
43802	TM-Cell	Altyn Asyr
43803	AGTS CDMA	AŞTU
338050	Digicel	Digicel (Turks & Caicos) Limited
376350	FLOW	Cable & Wireless West Indies Ltd (Turks & Caicos)
376352	FLOW	Cable & Wireless West Indies Ltd (Turks & Caicos)
376360	FLOW	Cable & Wireless West Indies Ltd (Turks & Caicos)
55301	TTC	Tuvalu Telecom
64101	Airtel	Bharti Airtel
64104		Tangerine Uganda Limited
64106	Vodafone	Afrimax Uganda
64110	MTN	MTN Uganda
64111	Uganda Telecom	Uganda Telecom Ltd.
64114	Africell	Africell Uganda
64116		SimbaNET Uganda Limited
64118	Smart	Suretelecom Uganda Ltd.
64122	Airtel	Bharti Airtel
64126	Lycamobile	Lycamobile Network Services Uganda Limited
64130		Anupam Global Soft Uganda Limited
64133	Smile	Smile Communications Uganda Limited
64140		Civil Aviation Authority (CAA)
64144	K2	K2 Telecom Ltd
64166	i-Tel	i-Tel Ltd
25501	Vodafone	PRJSC VF Ukraine
25502	Beeline	Kyivstar GSM JSC
25503	Kyivstar	Kyivstar JSC
25504	IT	Intertelecom LLC
25505	Golden Telecom	Kyivstar GSM JSC
25506	lifecell	Turkcell
25507	3Mob	Trymob LLC
25521	PEOPLEnet	Telesystems of Ukraine
25523	CDMA Ukraine	Intertelecom
25525	NEWTONE	CST Invest
42402	Etisalat	Emirates Telecom Corp
42403	du	Emirates Integrated Telecommunications Company
23400	BT	BT Group
23401	Vectone Mobile	Mundio Mobile Limited
23402	O2 (UK)	Telefónica Europe
23403	Airtel-Vodafone	Jersey Airtel Ltd
23404	FMS Solutions Ltd	FMS Solutions Ltd
23405		COLT Mobile Telecommunications Limited
23406		Internet Computer Bureau Limited
23407	Vodafone UK	Vodafone
23408		BT OnePhone (UK) Ltd
23409		Tismi BV
23410	O2 (UK)	Telefónica Europe
23411	O2 (UK)	Telefónica Europe
23412	Railtrack	Network Rail Infrastructure Ltd
23413	Railtrack	Network Rail Infrastructure Ltd
23414	Hay Systems Ltd	Hay Systems Ltd
23415	Vodafone UK	Vodafone
23416	Talk Talk	TalkTalk Communications Limited
23417		FleXtel Limited
23418	Cloud9	Cloud9
23419	Private Mobile Networks PMN	Teleware plc
23420	3	Hutchison 3G UK Ltd
23421		LogicStar Ltd
23422		Telesign Mobile Limited
23423		Icron Network Limited
23424	Greenfone	Stour Marine Limited
23425	Truphone	Truphone
23426	Lycamobile	Lycamobile UK Limited
23427		Teleena UK Limited
23428		Marathon Telecom Limited
23429	aql	(aq) Limited
23430	T-Mobile UK	EE
23431	T-Mobile UK	EE
23432	T-Mobile UK	EE
23433	Orange	EE
23434	Orange	EE
23435		JSC Ingenium (UK) Limited
23436	Sure Mobile	Sure Isle of Man Ltd.
23437		Synectiv Ltd
23438	Virgin Mobile	Virgin Media
23439		Gamma Telecom Holdings Ltd.
23450	JT	JT Group Limited
23451	Relish	UK Broadband Limited
23452		Shyam Telecom UK Ltd
23453		Limitless Mobile Ltd
23454	iD Mobile	The Carphone Warehouse Limited
23455	Sure Mobile	Sure (Guernsey) Limited
23456		CESG
23457		Sky UK Limited
23458	Pronto GSM	Manx Telecom
23459		Limitless Mobile Ltd
23470		AMSUK Ltd.
23471		Home Office
23472		Hanhaa Limited
23476	BT	BT Group
23478	Airwave	Airwave Solutions Ltd
23486		EE
23500	Vectone Mobile	Mundio Mobile Limited
23501		EE
23502		EE
23503	Relish	UK Broadband Limited
23577	BT	BT Group
23588		Telet Research (N.I.) Limited
23591	Vodafone UK	Vodafone United Kingdom
23592	Vodafone UK	Vodafone United Kingdom
23594		Hutchison 3G UK Ltd
23595		Network Rail Infrastructure Limited
310004	Verizon	Verizon Wireless
310005	Verizon	Verizon Wireless
310006	Verizon	Verizon Wireless
310010	Verizon	Verizon Wireless
310012	Verizon	Verizon Wireless
310013	Verizon	Verizon Wireless
310014		
310015	Southern LINC	Southern Communications
310016	AT&T	AT&T Mobility
310017	ProxTel	North Sight Communications Inc.
310020	Union Wireless	Union Telephone Company
310030	AT&T	AT&T Mobility
310032	IT&E Wireless	IT&E Overseas, Inc
310033		Guam Telephone Authority
310034	Airpeak	Airpeak
310035	ETEX Wireless	ETEX Communications, LP
310040	MTA	Matanuska Telephone Association, Inc.
310050	GCI	Alaska Communications
310053	Virgin Mobile	Sprint
310054		Alltel US
310060		Consolidated Telcom
310066	U.S. Cellular	U.S. Cellular
310070	AT&T	AT&T Mobility
310080	AT&T	AT&T Mobility
310090	AT&T	AT&T Mobility
310100	Plateau Wireless	New Mexico RSA 4 East LP
310110	IT&E Wireless	PTI Pacifica Inc.
310120	Sprint	Sprint Corporation
310130	Carolina West Wireless	Carolina West Wireless
310140	GTA Wireless	Teleguam Holdings, LLC
310150	AT&T	AT&T Mobility
310160	T-Mobile	T-Mobile US
310170	AT&T	AT&T Mobility
310180	West Central	West Central Wireless
310190	GCI	Alaska Wireless Communications, LLC
310200		T-Mobile
310210		T-Mobile
310220		T-Mobile
310230		T-Mobile
310240		T-Mobile
310250		T-Mobile
310260	T-Mobile	T-Mobile USA
310270		T-Mobile
310280	AT&T	AT&T Mobility
310290	nep	NEP Cellcorp Inc.
310300	Big Sky Mobile	iSmart Mobile, LLC
310310		T-Mobile
310311		Farmers Wireless
310320	Cellular One	Smith Bagley, Inc.
310330		Wireless Partners, LLC
310340	Limitless Mobile	Limitless Mobile, LLC
310350	Verizon	Verizon Wireless
310360	Pioneer Cellular	Cellular Network Partnership
310370	Docomo	NTT Docomo Pacific
310380	AT&T	AT&T Mobility
310390	Cellular One of East Texas	TX-11 Acquisition, LLC
310400	iConnect	Wave Runner LLC
310410	AT&T	AT&T Mobility
310420	Cincinnati Bell	Cincinnati Bell Wireless
310430	GCI	GCI Communications Corp.
310440		Numerex
310450	Viaero	Viaero Wireless
310460	NewCore	NewCore Wireless LLC
310470	Shentel	Shenandoah Telecommunications Company
310480	iConnect	Wave Runner LLC
310490		T-Mobile
310500	Alltel	Public Service Cellular Inc.
310510	Cellcom	Nsighttel Wireless LLC
310520	TNS	Transaction Network Services
310530	iWireless	Iowa Wireless Services LLC
310540	Phoenix	Hilliary Communications
310550		Syniverse Technologies
310560	AT&T	AT&T Mobility
310570	Cellular One	TX-10, LLC and Central Louisiana Cellular, LLC (MTPCS)
310580		Inland Cellular Telephone Company
310590		Verizon Wireless
310600	Cellcom	New-Cell Inc.
310610	Epic PCS	Elkhart Telephone Co.
310620	Cellcom	Nsighttel Wireless LLC
310630	miSpot	Agri-Valley Communications
310640		Numerex
310650	Jasper	Jasper Technologies
310660	T-Mobile	
310670	AT&T	AT&T Mobility
310680	AT&T	AT&T Mobility
310690	Limitless Mobile	Limitless Mobile, LLC
310700	Bigfoot Cellular	Cross Valiant Cellular Partnership
310710	ASTAC	Arctic Slope Telephone Association Cooperative
310720		Syniverse Technologies
310730	U.S. Cellular	U.S. Cellular
310740	Viaero	Viaero Wireless
310750	Appalachian Wireless	East Kentucky Network, LLC
310760		Lynch 3G Communications Corporation
310770	iWireless	Iowa Wireless Services
310780	Dispatch Direct	D. D. Inc.
310790	BLAZE	PinPoint Communications Inc.
310800		T-Mobile
310810		LCFR LLC
310820		Verizon Wireless
310830	Sprint	Sprint Corporation
310840	telna Mobile	Telecom North America Mobile, Inc.
310850	Aeris	Aeris Communications, Inc.
310860	Five Star Wireless	TX RSA 15B2, LP
310870	PACE	Kaplan Telephone Company
310880	DTC Wireless	Advantage Cellular Systems, Inc.
310890		Verizon Wireless
310900	Mid-Rivers Wireless	Cable & Communications Corporation
310910		Verizon Wireless
310920		James Valley Wireless, LLC
310930		Copper Valley Wireless
310940		Tyntec Inc.
310950	AT&T	AT&T Mobility
310960	STRATA	UBET Wireless
310970		Globalstar
310980	Peoples Telephone	Texas RSA 7B3
310990	Evolve Broadband	Worldcall Interconnect Inc.
311000	West Central Wireless	Mid-Tex Cellular Ltd.
311010	Chariton Valley	Chariton Valley Communications
311012	Verizon	Verizon Wireless
311020	Chariton Valley	Missouri RSA 5 Partnership
311030	Indigo Wireless	Americell PA 3 Partnership
311040	Choice Wireless	Commnet Wireless
311050		Thumb Cellular LP
311060		Space Data Corporation
311070	AT&T	AT&T Mobility
311080	Pine Cellular	Pine Telephone Company
311090	AT&T	AT&T Mobility
311100		Nex-Tech Wireless
311110	Verizon	Verizon Wireless
311120	iConnect	Wave Runner LLC
311130		Lightsquared L.P.
311140	Bravado Wireless	Cross Telephone Company
311150		Wilkes Cellular
311160		Lightsquared L.P.
311170		Broadpoint Inc.
311180	AT&T	AT&T Mobility
311190	AT&T	AT&T Mobility
311200		ARINC
311210		Telnyx LLC
311220	U.S. Cellular	U.S. Cellular
311230	C Spire Wireless	Cellular South Inc.
311240		Cordova Wireless
311250	iConnect	Wave Runner LLC
311260	Sprint	Sprint Corporation
311270	Verizon	Verizon Wireless
311271	Verizon	Verizon Wireless
311272	Verizon	Verizon Wireless
311273	Verizon	Verizon Wireless
311274	Verizon	Verizon Wireless
311275	Verizon	Verizon Wireless
311276	Verizon	Verizon Wireless
311277	Verizon	Verizon Wireless
311278	Verizon	Verizon Wireless
311279	Verizon	Verizon Wireless
311280	Verizon	Verizon Wireless
311281	Verizon	Verizon Wireless
311282	Verizon	Verizon Wireless
311283	Verizon	Verizon Wireless
311284	Verizon	Verizon Wireless
311285	Verizon	Verizon Wireless
311286	Verizon	Verizon Wireless
311287	Verizon	Verizon Wireless
311288	Verizon	Verizon Wireless
311289	Verizon	Verizon Wireless
311290	BLAZE	PinPoint Communications Inc.
311300		Nexus Communications, Inc.
311310	NMobile	Leaco Rural Telephone Company Inc.
311320	Choice Wireless	Commnet Wireless
311330	Bug Tussel Wireless	Bug Tussel Wireless LLC
311340		Illinois Valley Cellular
311350	Nemont	Sagebrush Cellular, Inc.
311360		Stelera Wireless
311370	GCI Wireless	General Communication Inc.
311380		New Dimension Wireless Ltd.
311390	Verizon	Verizon Wireless
311400		
311410	Chat Mobility	Iowa RSA No. 2 LP
311420	NorthwestCell	Northwest Missouri Cellular LP
311430	Chat Mobility	RSA 1 LP
311440		Bluegrass Cellular LLC
311450	PTCI	Panhandle Telecommunication Systems Inc.
311460		Electric Imp Inc.
311470	Viya	Vitelcom Cellular Inc.
311480	Verizon	Verizon Wireless
311481	Verizon	Verizon Wireless
311482	Verizon	Verizon Wireless
311483	Verizon	Verizon Wireless
311484	Verizon	Verizon Wireless
311485	Verizon	Verizon Wireless
311486	Verizon	Verizon Wireless
311487	Verizon	Verizon Wireless
311488	Verizon	Verizon Wireless
311489	Verizon	Verizon Wireless
311490	Sprint	Sprint Corporation
311500		Mosaic Telecom
311510		Ligado Networks
311520		Lightsquared L.P.
311530	NewCore	NewCore Wireless LLC
311540		Proximiti Mobility Inc.
311550	Choice Wireless	Commnet Midwest LLC
311560	OTZ Cellular	OTZ Communications, Inc.
311570	BendBroadband	Bend Cable Communications LLC
311580	U.S. Cellular	U.S. Cellular
311590	Verizon	Verizon Wireless
311600	Limitless Mobile	Limitless Mobile, LLC
311610	SRT Communications	North Dakota Network Co.
311620		TerreStar Networks, Inc.
311630	C Spire Wireless	Cellular South Inc.
311640	Rock Wireless	Standing Rock Telecommunications
311650	United Wireless	United Wireless
311660	metroPCS	MetroPCS Wireless Inc.
311670	Pine Belt Wireless	Pine Belt Cellular Inc.
311680		GreenFly LLC
311690		TeleBEEPER of New Mexico
311700		Midwest Network Solutions Hub LLC
311710		Northeast Wireless Networks LLC
311720		MainePCS LLC
311730		Proximiti Mobility Inc.
311740		Telalaska Cellular
311750	ClearTalk	Flat Wireless LLC
311760		Edigen Inc.
311770		Altiostar Networks, Inc.
311780	Pioneer Cellular	Cellular Network Partnership
311790		Coleman County Telephone Cooperative, Inc.
311800		Bluegrass Cellular LLC
311810		Bluegrass Cellular LLC
311820		Sonus Networks
311830		Thumb Cellular LP
311840	Cellcom	Nsight Spectrum LLC
311850	Cellcom	Nsight Spectrum LLC
311860	STRATA	Uintah Basin Electronic Telecommunications
311870	Boost Mobile	Sprint Corporation
311880	Sprint	Sprint Corporation
311890		Globecomm Network Services Corporation
311900		GigSky
311910	MobileNation	SI Wireless LLC
311920	Chariton Valley	Missouri RSA 5 Partnership
311930		Syringa Wireless
311940	Sprint	Sprint Corporation
311950	ETC	Enhanced Telecommmunications Corp.
311960	Lycamobile	Lycamobile USA Inc.
311970	Big River Broadband	Big River Broadband, LLC
311980		LigTel Communications
311990		VTel Wireless
312010	Chariton Valley	Chariton Valley Communication Corporation, Inc
312020		Infrastructure Networks, LLC
312030	Bravado Wireless	Cross Wireless
312040		Custer Telephone Co-op (CTCI)
312050		Fuego Wireless
312060		CoverageCo
312070		Adams Networks Inc
312080	SyncSouth	South Georgia Regional Information Technology Authority
312090	AT&T	AT&T Mobility
312100		ClearSky Technologies, Inc.
312110		Texas Energy Network LLC
312120	Appalachian Wireless	East Kentucky Network, LLC
312130	Appalachian Wireless	East Kentucky Network, LLC
312140	Revol Wireless	Cleveland Unlimited, Inc.
312150	NorthwestCell	Northwest Missouri Cellular LP
312160	Chat Mobility	RSA1 Limited Partnership
312170	Chat Mobility	Iowa RSA No. 2 LP
312180		Limiteless Mobile LLC
312190	Sprint	Sprint Corporation
312200		Voyager Mobility LLC
312210		Aspenta International, Inc.
312220	Chariton Valley	Chariton Valley Communication Corporation, Inc.
312230	SRT Communications	North Dakota Network Co.
312240	Sprint	Sprint Corporation
312250	Sprint	Sprint Corporation
312260	NewCore	Central LTE Holdings
312270	Pioneer Cellular	Cellular Network Partnership
312280	Pioneer Cellular	Cellular Network Partnership
312290	STRATA	Uintah Basin Electronic Telecommunications
312300	telna Mobile	Telecom North America Mobile, Inc.
312310		Clear Stream Communications, LLC
312320		RTC Communications LLC
312330	Nemont	Nemont Communications, Inc.
312340	MTA	Matanuska Telephone Association, Inc.
312350		Triangle Communication System Inc.
312360		Wes-Tex Telecommunications, Ltd.
312370	Choice Wireless	Commnet Wireless
312380		Copper Valley Wireless
312390	FTC Wireless	FTC Communications LLC
312400	Mid-Rivers Wireless	Mid-Rivers Telephone Cooperative
312410		Eltopia Communications, LLC
312420		Nex-Tech Wireless
312430		Silver Star Communications
312440		Consolidated Telcom
312450		Cable & Communications Corporation
312460		Ketchikan Public Utilities (KPU)
312470	Carolina West Wireless	Carolina West Wireless
312480	Nemont	Sagebrush Cellular, Inc.
312490		TrustComm, Inc.
312500		AB Spectrum LLC
312510		WUE Inc.
312520		ANIN
312530	Sprint	Sprint Corporation
312540		Broadband In Hand LLC
312550		Great Plains Communications, Inc.
312560		NHLT Inc.
312570	Blue Wireless	Buffalo-Lake Erie Wireless Systems Co., LLC
312580		Morgan, Lewis & Bockius LLP
312590	NMU	Northern Michigan University
312600	Nemont	Sagebrush Cellular, Inc.
312610	nTelos	nTelos Licenses, Inc.
312620		GlobeTouch Inc.
312630		NetGenuity, Inc.
312640	Nemont	Sagebrush Cellular, Inc.
312650		365 Wireless LLC
312660	nTelos	nTelos Wireless
312670	FirstNet	AT&T Mobility
312680	AT&T	AT&T Mobility
312690		TGS, LLC
312700		Wireless Partners, LLC
312710		Great North Woods Wireless LLC
312720	Southern LINC	Southern Communications Services
312730		Triangle Communication System Inc.
312740	Locus Telecommunications	KDDI America, Inc.
312750		Artemis Networks LLC
312760	ASTAC	Arctic Slope Telephone Association Cooperative
312770	Verizon	Verizon Wireless
312780		Redzone Wireless
312790		Gila Electronics
312800		Cirrus Core Networks
312810	BBCP	Bristol Bay Telephone Cooperative
312820		Santel Communications Cooperative, Inc.
312830		Kings County Office of Education
312840		South Georgia Regional Information Technology Authority
312850		Onvoy Spectrum, LLC
312860	ClearTalk	Flat Wireless, LLC
312870		GigSky Mobile, LLC
312880		Albemarle County Public Schools
312890		Circle Gx
312900	ClearTalk	Flat West Wireless, LLC
312910	Appalachian Wireless	East Kentucky Network, LLC
312920		Northeast Wireless Networks LLC
312930		Hewlett-Packard Communication Services, LLC
312940		Webformix
312950		Custer Telephone Co-op (CTCI)
312960		M&A Technology, Inc.
312970		IOSAZ Intellectual Property LLC
312980		Mark Twain Communications Company
312990	Premier Broadband	Premier Holdings LLC
313000		Tennessee Wireless
313010	Bravado Wireless	Cross Wireless LLC
313020	CTC Wireless	Cambridge Telephone Company Inc.
313030	Snake River PCS	Eagle Telephone System Inc.
313040	NNTC Wireless	Nucla-Naturita Telephone Company
313050	Breakaway Wireless	Manti Tele Communications Company, Inc.
313060		Country Wireless
313070		Midwest Network Solutions Hub LLC
313080		Speedwavz LLP
313090		Vivint Wireless, Inc.
313100	FirstNet	700 MHz Public Safety Broadband
313110 - 190	FirstNet	700 MHz Public Safety Broadband
313200		Mercury Network Corporation
313210	AT&T	AT&T Mobility
313220		Custer Telephone Co-op (CTCI)
313230		Velocity Communications Inc.
313240	Peak Internet	Fundamental Holdings, Corp.
313250		Imperial County Office of Education
313260		Expeto Wireless Inc.
313270		Blackstar Management
313280		King Street Wireless, LP
313290		Gulf Coast Broadband LLC
313300		Cambio WiFi of Delmarva, LLC
313310		CAL.NET, Inc.
313320		Paladin Wireless
313330		CenturyTel Broadband Services LLC
313340		Dish Network
313350		Dish Network
313360		Dish Network
313370		Red Truck Wireless, LLC
313380		OptimERA Inc.
313390		Altice USA Wireless, Inc.
313400		Texoma Communications, LLC
313410		pdvWireless
314100 - 190		Reserved for Public Safety
316010	Nextel	Nextel Communications
316011	Southern LINC	Southern Communications Services
74800	Antel	Administración Nacional de Telecomunicaciones
74801	Antel	Administración Nacional de Telecomunicaciones
74803	Antel	Administración Nacional de Telecomunicaciones
74807	Movistar	Telefónica Móviles Uruguay
74810	Claro	AM Wireless Uruguay S.A.
43401		Buztel
43402		Uzmacom
43403	UzMobile	Uzbektelekom
43404	Beeline	Unitel LLC
43405	Ucell	Coscom
43406	Perfectum Mobile	RUBICON WIRELESS COMMUNICATION
43407	UMS	Universal Mobile Systems
43408	UzMobile	Uzbektelekom
54100	AIL	ACeS International (AIL)
54101	SMILE	Telecom Vanuatu Ltd
54105	Digicel	Digicel Vanuatu Ltd
54107	WanTok	WanTok Vanuatu Ltd
225		
73401	Digitel	Corporacion Digitel C.A.
73402	Digitel GSM	Corporacion Digitel C.A.
73403	DirecTV	Galaxy Entertainment de Venezuela C.A.
73404	movistar	Telefónica Móviles Venezuela
73406	Movilnet	Telecomunicaciones Movilnet
45201	MobiFone	Vietnam Mobile Telecom Services Company
45202	Vinaphone	Vietnam Telecom Services Company
45203	S-Fone	S-Telecom
45204	Viettel Mobile	Viettel Telecom
45205	Vietnamobile	Hanoi Telecom
45206	EVNTelecom	EVN Telecom
45207	Gmobile	GTEL Mobile JSC
45208	EVNTelecom	EVN Telecom
54301	Manuia	Service des Postes et Télécommunications des Îles Wallis et Futuna (SPT)
42101	SabaFon	
42102	MTN	Spacetel Yemen
42103	Yemen Mobile	Yemen Mobile
42104	HiTS-UNITEL	Y
64501	Airtel	Bharti Airtel
64502	MTN	MTN Group
64503	ZAMTEL	Zambia Telecommunications Company Ltd
64801	Net*One	Net*One Cellular (Pvt) Ltd
64803	Telecel	Telecel Zimbabwe (PVT) Ltd
64804	Econet	Econet Wireless
90101	ICO	ICO Satellite Management
90102		Unassigned
90103	Iridium	
90104		Unassigned
90105		Thuraya RMSS Network
90106		Thuraya Satellite Telecommunications Company
90107		Unassigned
90108		Unassigned
90109		Unassigned
90110	ACeS	
90111	Inmarsat	
90112	Telenor	Telenor Maritime AS
90113	GSM.AQ	BebbiCell AG
90114	AeroMobile	AeroMobile AS
90115	OnAir	OnAir Switzerland Sarl
90116	Cisco Jasper	Cisco Systems, Inc.
90117	Navitas	JT Group Limited
90118	Cellular @Sea	AT&T Mobility
90119		Vodafone Malta Maritime
90120		Intermatica
90121		Wins Limited
90122		MediaLincc Ltd
90123		Unassigned
90124	iNum	Voxbone
90125		Unassigned
90126	TIM@sea	Telecom Italia Mobile
90127	OnMarine	Monaco Telecom
90128	Vodafone	GDSP (Vodafone's Global Data Service Platform)
90129	Telenor	
90130		Unassigned
90131	Orange	Orange S.A.
90132	Sky High	MegaFon
90133		Smart Communications
90134		tyntec GmbH
90135		Globecomm Network Services
90136		Azerfon
90137		Transatel
90138		Multiregional TransitTelecom (MTT)
90139		MTX Connect Ltd
90140		Deutsche Telekom AG
90141		BodyTrace Netherlands B.V.
90142		DCN Hub ehf
90143		EMnify GmbH
90144		AT&T Inc.
90145		Advanced Wireless Network Company Limited
90146		Telecom26 AG
90147		Ooredoo
90148	Com4	Communication for Devices in Sweden AB
90149		Zain Kuwait
90150		EchoStar Mobile
90151		VisionNG
90152		Manx Telecom Trading Ltd.
90153		Deutsche Telekom AG
90154		Teleena Holding B.V.
90155		Beezz Communication Solutions Ltd.
90156	ETSI	European Telecommunications Standards Institute
90157		SAP
90158	BICS	Belgacom ICS SA
90159		MessageBird B.V.
90160		OneWeb
90188		UN Office for the Coordination of Humanitarian Affairs (OCHA)
